states,districts,delta_confirmed,delta_deceased,delta_recovered,delta_tested,delta_vaccinated1,delta_vaccinated2,delta_population,delta21_14_confirmed,delta21_14_deceased,delta21_14_recovered,delta21_14_tested,delta21_14_vaccinated1,delta21_14_vaccinated2,delta21_14_population,delta7_confirmed,delta7_deceased,delta7_recovered,delta7_tested,delta7_vaccinated1,delta7_vaccinated2,delta7_population,meta_confirmed,meta_deceased,meta_recovered,meta_tested,meta_vaccinated1,meta_vaccinated2,meta_population,total_confirmed,total_deceased,total_recovered,total_tested,total_vaccinated1,total_vaccinated2,total_population,,,,,,,,,
AN,Nicobars,,,,,,,,,,,,,,,,,,,62,811,,,,,26-11-2020,,,36842,,,,,25394,20313,0,,,,,,,,,
AN,North and Middle Andaman,,,,,,8,,,,,,,,,,,,,90,1839,,,,,26-11-2020,,,105597,,,,,78945,59522,0,,,,,,,,,
AN,South Andaman,,,,,3,28,,,,,,,,,,,,,732,8012,,,,,26-11-2020,,,238142,,,,,189662,120322,0,,,,,,,,,
AN,Unknown,,,,,,,,9,,,,,,9,3,,5,,,,3,,,,26-11-2020,,,,7651,129,7518,,,,12,,,,,,,,,
AP,Anantapur,4,,5,,4575,5370,4,50,,,,,,50,38,,58,,92803,140903,38,,,,26-11-2020,,,4083315,157843,1093,156699,787085,2690082,1611476,92,,,,,,,,,
AP,Chittoor,64,1,87,,878,1306,64,631,,,,,,631,516,6,629,,63824,119541,516,,,,26-11-2020,,,4170468,246935,1947,244144,780322,2832987,1807873,1211,,,,,,,,,
AP,East Godavari,87,,121,,41,237,87,401,,,,,,401,604,,520,,36973,223236,604,,,,26-11-2020,,,5151549,293836,1290,291610,944746,3532220,1990578,1092,,,,,,,,,
AP,Foreign Evacuees,,,,,,,,,,,,,,,,,,,,,,,,,26-11-2020,,,,434,,434,,,,0,,,,,,,,,
AP,Guntur,33,,198,,1119,1248,33,509,,,,,,509,272,4,619,,285377,156818,272,,,,26-11-2020,,,4889230,178068,1237,176629,833823,3440118,1891773,814,,,,,,,,,
AP,Krishna,46,1,71,,51,337,46,405,,,,,,405,422,9,467,,75352,230788,422,,,,26-11-2020,,,4529009,119348,1430,117130,782232,2971604,1914927,873,,,,,,,,,
AP,Kurnool,6,,3,,4716,1538,6,31,,,,,,31,25,,26,,178620,73119,25,,,,26-11-2020,,,4046601,124142,853,123264,867361,2672759,1290419,62,,,,,,,,,
AP,Other State,,,,,,,,,,,,,,,,,,,,,,,,,26-11-2020,,,,2461,,2461,,,,0,,,,,,,,,
AP,Prakasam,6,,37,,3292,5872,6,243,,,,,,243,103,3,290,,137338,130213,103,,,,26-11-2020,,,3392764,138482,1124,136989,697340,2321031,1521177,352,,,,,,,,,
AP,S.P.S. Nellore,34,1,23,,2724,1639,34,283,,,,,,283,155,2,235,,96973,114393,155,,,,26-11-2020,,,2966082,146388,1053,144919,682964,2143402,1403240,472,,,,,,,,,
AP,Srikakulam,19,,20,,2,6,19,47,,,,,,47,132,,72,,18883,129575,132,,,,26-11-2020,,,2699471,123109,786,122136,670899,1630248,974734,198,,,,,,,,,
AP,Visakhapatnam,27,,30,,1309,2311,27,273,,,,,,273,237,1,227,,65301,207340,237,,,,26-11-2020,,,4288113,157737,1127,156492,744983,2999432,1864960,537,,,,,,,,,
AP,Vizianagaram,7,1,11,,601,1855,7,30,,,,,,30,53,1,38,,44847,123576,53,,,,26-11-2020,,,2342868,82967,672,82231,531433,1393491,996097,90,,,,,,,,,
AP,West Godavari,40,,44,,878,1884,40,171,,,,,,171,234,4,246,,61021,146562,234,,,,26-11-2020,,,3934782,179077,1117,177680,793098,2525317,1778807,445,,,,,,,,,
AP,Y.S.R. Kadapa,12,,25,,1005,1101,12,146,,,,,,146,82,,163,,65843,90958,82,,,,26-11-2020,,,2884524,115623,644,114904,671761,1824032,1328711,240,,,,,,,,,
AR,Capital Complex,,,,,,,,,,,,,,,,,,,,,,,,,24-12-2020,,,,,,,115210,,,0,,,,,,,,,
AR,Anjaw,,,,,,,,,,,,,,,,,,,45,452,,,,,28-01-2021,,,21089,1068,3,1065,2845,11695,7957,0,,,,,,,,,
AR,Changlang,,,1,,,,,,,,,,,,3,,3,,298,3803,3,,,,28-01-2021,,,147951,3807,22,3780,23861,88857,55361,3,,,,,,,,,
AR,East Kameng,,,,,,1,,,,,,,,,,,,,76,409,,,,,28-01-2021,,,78413,1094,,1094,7489,22931,15646,0,,,,,,,,,
AR,East Siang,,,5,,,,,2,,,,,,2,9,,10,,365,2013,9,,,,28-01-2021,,,99019,3206,17,3183,21867,54001,39434,11,,,,,,,,,
AR,Kamle,,,,,,,,,,,,,,,,,,,36,185,,,,,28-01-2021,,,22256,512,,512,1385,6946,3874,0,,,,,,,,,
AR,Kra Daadi,,,,,,,,,,,,,,,,,,,5,23,,,,,28-01-2021,,,,270,,270,3218,6275,3272,0,,,,,,,,,
AR,Kurung Kumey,,,,,,,,,,,,,,,,,,,27,255,,,,,28-01-2021,,,89717,511,1,510,4201,9121,5601,0,,,,,,,,,
AR,Lepa Rada,,,,,6,54,,,,,,,,,,,1,,40,307,,,,,28-01-2021,,,,874,3,871,6747,13328,10176,0,,,,,,,,,
AR,Lohit,,,,,,,,2,,,,,,2,9,,3,,221,1494,9,,,,28-01-2021,,,145538,2885,26,2851,14945,31120,22003,11,,,,,,,,,
AR,Longding,,,,,,,,,,,,,,,1,,,,46,356,1,,,,28-01-2021,,,60000,752,2,749,10342,19259,7826,1,,,,,,,,,
AR,Lower Dibang Valley,,,,,19,1,,6,,,,,,6,14,,3,,171,931,14,,,,28-01-2021,,,53986,2426,11,2397,12169,32639,22089,20,,,,,,,,,
AR,Lower Siang,,,,,,,,,,,,,,,,,,,37,317,,,,,28-01-2021,,,80597,738,8,730,7070,16565,9990,0,,,,,,,,,
AR,Lower Subansiri,,,,,2,36,,7,,,,,,7,5,,2,,85,767,5,,,,28-01-2021,,,82839,3036,15,3015,10564,26916,18827,12,,,,,,,,,
AR,Namsai,,,,,,,,8,,,,,,8,4,,16,,209,2436,4,,,,28-01-2021,,,95950,2124,17,2102,19987,63539,47104,12,,,,,,,,,
AR,Pakke Kessang,,,,,,14,,1,,,,,,1,,,,,25,262,,,,,28-01-2021,,,,453,,453,3327,8004,4998,1,,,,,,,,,
AR,Papum Pare,1,,1,,,,1,22,,,,,,22,7,,12,,1055,3799,7,,,,28-01-2021,,,176385,18316,98,18212,41960,141168,100258,30,,,,,,,,,
AR,Shi Yomi,,,,,,,,3,,,,,,3,1,,10,,2,153,1,,,,28-01-2021,,,13310,262,,261,2169,6910,5663,4,,,,,,,,,
AR,Siang,,,,,,,,,,,,,,,,,,,40,197,,,,,28-01-2021,,,31920,411,3,408,4270,14408,9068,0,,,,,,,,,
AR,Tawang,,,,,,,,12,,,,,,12,12,,8,,91,759,12,,,,28-01-2021,,,49950,2577,20,2533,14224,29553,23287,24,,,,,,,,,
AR,Tirap,,,,,,,,,,,,,,,,,2,,35,631,,,,,28-01-2021,,,111997,1109,5,1102,14657,31565,21200,0,,,,,,,,,
AR,Upper Dibang Valley,,,,,,,,1,,,,,,1,,,1,,3,11,,,,,28-01-2021,,,7948,337,2,335,1910,4156,2603,1,,,,,,,,,
AR,Upper Siang,,,,,,,,2,,,,,,2,,,2,,38,411,,,,,28-01-2021,,,35289,1016,1,1015,6564,18594,13671,2,,,,,,,,,
AR,Upper Subansiri,,,,,,,,,,,,,,,,,,,93,1122,,,,,28-01-2021,,,83205,1958,6,1952,6217,24842,16390,0,,,,,,,,,
AR,West Kameng,,,7,,15,89,,17,,,,,,17,1,,21,,206,1914,1,,,,28-01-2021,,,87013,3545,14,3518,28155,55710,40321,18,,,,,,,,,
AR,West Siang,,,-5,,,,,4,,,,,,4,,,3,,63,640,,,,,28-01-2021,,,112272,1868,6,1856,13192,33773,27867,4,,,,,,,,,
AS,Udalguri,,,,,1935,1396,,,,,,,,,,,,,17371,19343,,,,,16-09-2020,,,832769,,,,24661,504439,133919,0,,,,,,,,,
AS,Baksa,,,,,39,172,,,,,,,,,,,,,2992,15169,,,,,28-01-2021,,,953773,,,,,553967,136574,0,,,,,,,,,
AS,Barpeta,,,,,369,1035,,,,,,,,,,,,,10495,48544,,,,,28-01-2021,,,1693190,,,,,1095048,448006,0,,,,,,,,,
AS,Biswanath,,,,,507,1655,,,,,,,,,,,,,5661,35727,,,,,28-01-2021,,,612491,,,,,456088,213437,0,,,,,,,,,
AS,Bongaigaon,,,,,85,1287,,,,,,,,,,,,,2784,18356,,,,,29-01-2021,,,732639,,,,,493242,183782,0,,,,,,,,,
AS,Cachar,,,,,2149,966,,,,,,,,,,,,,26826,21591,,,,,29-01-2021,,,1736319,,,,,1101266,402535,0,,,,,,,,,
AS,Charaideo,,,,,3,26,,,,,,,,,,,,,1853,16868,,,,,29-01-2021,,,,,,,,309125,111219,0,,,,,,,,,
AS,Chirang,,,,,22,89,,,,,,,,,,,,,2488,9573,,,,,29-01-2021,,,481818,,,,,288696,102397,0,,,,,,,,,
AS,Darrang,,,,,365,270,,,,,,,,,,,,,17453,21800,,,,,30-01-2021,,,908090,,,,,596783,183724,0,,,,,,,,,
AS,Dhemaji,,,,,55,47,,,,,,,,,,,,,3423,15318,,,,,31-01-2021,,,688077,,,,,431792,184251,0,,,,,,,,,
AS,Dhubri,,,,,1042,1906,,,,,,,,,,,,,12450,25644,,,,,02/01/2021,,,1948632,,,,,945264,229696,0,,,,,,,,,
AS,Dibrugarh,,,,,699,4007,,,,,,,,,,,,,8869,38695,,,,,02/01/2021,,,1327748,,,,301657,914640,430800,0,,,,,,,,,
AS,Dima Hasao,,,,,160,59,,,,,,,,,,,,,2532,3737,,,,,02/01/2021,,,213529,,,,,116318,62593,0,,,,,,,,,
AS,Goalpara,,,,,47,81,,,,,,,,,,,,,4013,30725,,,,,02/01/2021,,,1008959,,,,,662016,195521,0,,,,,,,,,
AS,Golaghat,,,,,504,2676,,,,,,,,,,,,,6525,51417,,,,,02/01/2021,,,1058674,,,,,711564,306745,0,,,,,,,,,
AS,Hailakandi,,,,,88,705,,,,,,,,,,,,,1724,11247,,,,,02/01/2021,,,659260,,,,,422295,146888,0,,,,,,,,,
AS,Hojai,,,,,512,2979,,,,,,,,,,,,,6217,36724,,,,,02/01/2021,,,931218,,,,,602504,274035,0,,,,,,,,,
AS,Jorhat,,,,,225,2154,,,,,,,,,,,,,3383,39677,,,,,02/01/2021,,,1091295,,,,,649267,297724,0,,,,,,,,,
AS,Kamrup,,,,,231,253,,,,,,,,,,,,,10451,45828,,,,,02/01/2021,,,1517202,,,,,1079092,409628,0,,,,,,,,,
AS,Kamrup Metropolitan,,,,,359,1713,,,,,,,,,,,,,6625,38155,,,,,02/01/2021,,,1260419,,,,,1246239,875897,0,,,,,,,,,
AS,Karbi Anglong,,,,,342,280,,,,,,,,,,,,,13744,12778,,,,,02/01/2021,,,965280,,,,,284600,102798,0,,,,,,,,,
AS,Karimganj,,,,,331,1382,,,,,,,,,,,,,5088,20659,,,,,02/01/2021,,,1217002,,,,,681216,203575,0,,,,,,,,,
AS,Kokrajhar,,,,,162,823,,,,,,,,,,,,,3935,19711,,,,,02/01/2021,,,886999,,,,,538901,156488,0,,,,,,,,,
AS,Lakhimpur,,,,,148,1555,,,,,,,,,,,,,5870,42164,,,,,02/01/2021,,,1040644,,,,,681386,301369,0,,,,,,,,,
AS,Majuli,,,,,36,166,,,,,,,,,,,,,1524,7176,,,,,02/01/2021,,,167304,,,,,117599,82507,0,,,,,,,,,
AS,Morigaon,,,,,264,482,,,,,,,,,,,,,5298,27861,,,,,02/01/2021,,,957853,,,,,592446,212146,0,,,,,,,,,
AS,Nagaon,,,,,758,1481,,,,,,,,,,,,,16396,36734,,,,,02/01/2021,,,2826006,,,,,1203831,448081,0,,,,,,,,,
AS,Nalbari,,,,,388,1492,,,,,,,,,,,,,6785,25411,,,,,02/01/2021,,,769919,,,,,483076,168392,0,,,,,,,,,
AS,Sivasagar,,,,,46,714,,,,,,,,,,,,,1946,23104,,,,,02/01/2021,,,1150253,,,,,478954,223921,0,,,,,,,,,
AS,Sonitpur,,,,,448,2664,,,,,,,,,,,,,8341,48290,,,,,02/01/2021,,,1925975,,,,,767841,434213,0,,,,,,,,,
AS,South Salmara Mankachar,,,,,260,1288,,,,,,,,,,,,,1978,15304,,,,,02/01/2021,,,555114,,,,,239906,76599,0,,,,,,,,,
AS,Tinsukia,,,,,6637,1679,,,,,,,,,,,,,45002,22410,,,,,02/01/2021,,,1316948,,,,,795057,286170,0,,,,,,,,,
AS,Unknown,212,1,236,,,,212,1499,,,,,,1499,2056,24,2215,,,,2056,,,,02/01/2021,,,,610645,5997,600974,,,,3767,,,,,,,,,
AS,West Karbi Anglong,,,,,312,147,,,,,,,,,,,,,4593,4186,,,,,,,,300320,,,,,127612,42942,0,,,,,,,,,
BR,Begusarai,,,1,,1906,2774,,8,,,,,,8,2,,7,,33903,65735,2,,,,26-09-2020,,,2954367,27212,457,26754,213670,1430906,480982,10,,,,,,,,,
BR,Araria,,,,,5177,3067,,,,,,,,,2,,,,51331,69085,2,,,,10/03/2020,,,2806200,14978,116,14859,219221,1177154,395227,2,,,,,,,,,
BR,Khagaria,,,,,881,2118,,,,,,,,,,,,,15402,32372,,,,,10/04/2020,,,1657599,10064,88,9976,148340,775019,222012,0,,,,,,,,,
BR,East Champaran,,,,,2434,8014,,1,,,,,,1,2,,,,29316,84760,2,,,,11/03/2020,,,5082868,19017,430,18585,548132,2498559,1002939,3,,,,,,,,,
BR,Nawada,,,,,4176,4338,,,,,,,,,1,,,,46619,35295,1,,,,16-11-2020,,,2216653,10353,178,10174,322514,1062349,274319,1,,,,,,,,,
BR,Sheohar,,,,,666,1629,,,,,,,,,,,2,,2946,7111,,,,,16-11-2020,,,656916,4404,36,4368,199431,300967,108766,0,,,,,,,,,
BR,Purnia,,,,,2821,1959,,,,,,,,,,,,,61212,74531,,,,,01/05/2021,,,3273127,24427,180,24247,568756,1603099,729224,0,,,,,,,,,
BR,Darbhanga,,,,,2858,5306,,,,,,,,,,,1,,39165,82276,,,,,01/11/2021,,,3921971,10937,370,10567,448442,1869372,741553,0,,,,,,,,,
BR,Arwal,,,,,262,1360,,,,,,,,,,,,,4059,17125,,,,,31-01-2021,,,700843,7381,74,7307,101624,345175,116424,0,,,,,,,,,
BR,Aurangabad,,,,,1264,2657,,,,,,,,,,,,,25561,56431,,,,,31-01-2021,,,2511243,20011,75,19936,412007,1132482,407913,0,,,,,,,,,
BR,Banka,,,,,2635,3138,,,,,,,,,,,,,24239,34077,,,,,31-01-2021,,,2029339,7379,112,7267,364776,935177,351254,0,,,,,,,,,
BR,Bhagalpur,,,1,,2122,3458,,1,,,,,,1,1,,1,,49875,78088,1,,,,31-01-2021,,,3032226,25840,309,25531,582113,1494951,650332,2,,,,,,,,,
BR,Bhojpur,,,,,3232,4879,,,,,,,,,,,,,31626,53006,,,,,31-01-2021,,,2720155,10210,159,10051,466438,1291186,382719,0,,,,,,,,,
BR,Buxar,,,,,1083,2516,,,,,,,,,,,,,14794,38792,,,,,31-01-2021,,,1707643,9248,182,9066,461428,907374,322555,0,,,,,,,,,
BR,Gaya,,,,,1708,1689,,1,,,,,,1,,,1,,72504,82490,,,,,31-01-2021,,,4379383,33952,280,33672,872359,1925234,722746,1,,,,,,,,,
BR,Gopalganj,,,,,5308,8468,,,,,,,,,,,1,,31750,70093,,,,,31-01-2021,,,2558037,16685,94,16591,562654,1286763,481968,0,,,,,,,,,
BR,Jamui,,,,,1435,1416,,,,,,,,,,,1,,24440,24005,,,,,31-01-2021,,,1756078,9418,106,9312,342005,800488,222093,0,,,,,,,,,
BR,Jehanabad,,,,,498,1617,,,,,,,,,,,,,12986,27200,,,,,31-01-2021,,,1124176,10783,109,10674,492255,498448,184446,0,,,,,,,,,
BR,Kaimur,,,,,1067,2183,,,,,,,,,,,,,19996,28681,,,,,31-01-2021,,,1626900,4984,147,4837,442332,801438,225437,0,,,,,,,,,
BR,Katihar,,,,,2680,2966,,,,,,,,,,,1,,53448,75733,,,,,31-01-2021,,,3068149,18145,94,18051,556438,1451838,403046,0,,,,,,,,,
BR,Kishanganj,3,,1,,1997,1445,3,,,,,,,,4,,2,,24597,25592,4,,,,31-01-2021,,,1690948,10128,66,10057,294321,757066,205274,7,,,,,,,,,
BR,Lakhisarai,,,,,595,1005,,,,,,,,,,,,,8894,16437,,,,,31-01-2021,,,1000717,7776,102,7674,332434,461970,138407,0,,,,,,,,,
BR,Madhepura,,,,,2700,4459,,1,,,,,,1,1,,,,28832,43563,1,,,,31-01-2021,,,1994618,12547,111,12435,455482,965767,260408,2,,,,,,,,,
BR,Madhubani,2,,,,2735,6686,2,,,,,,,,3,,,,28535,69785,3,,,,31-01-2021,,,4476044,18365,339,18023,715168,1974159,680214,5,,,,,,,,,
BR,Munger,,,,,851,2867,,1,,,,,,1,,,1,,7445,33005,,,,,31-01-2021,,,1359054,15111,158,14953,325212,707588,264665,1,,,,,,,,,
BR,Muzaffarpur,,,,,3545,7023,,,,,,,,,,,1,,40686,80513,,,,,31-01-2021,,,4778610,31398,621,30777,722651,2253919,717015,0,,,,,,,,,
BR,Nalanda,,,,,2168,1826,,,,,,,,,,,,,36716,66091,,,,,31-01-2021,,,2872523,23432,468,22964,591346,1393762,638181,0,,,,,,,,,
BR,Patna,2,,3,,737,2024,2,14,,,,,,14,14,,8,,35436,159875,14,,,,31-01-2021,,,5772804,147007,2334,144651,676238,3421614,2366474,30,,,,,,,,,
BR,Rohtas,,,,,4911,4149,,,,,,,,,2,,,,40918,59698,2,,,,31-01-2021,,,2962593,13980,271,13707,521553,1498172,465660,2,,,,,,,,,
BR,Saharsa,,,,,28493,18126,,,,,,,,,,,,,106392,80718,,,,,31-01-2021,,,1897102,17616,134,17482,356327,995618,366567,0,,,,,,,,,
BR,Samastipur,1,,1,,3216,5157,1,1,,,,,,1,2,,2,,48167,64119,2,,,,31-01-2021,,,4254782,20020,155,19864,614569,1991102,555728,4,,,,,,,,,
BR,Saran,,,2,,4149,6693,,,,,,,,,5,,2,,41734,82407,5,,,,31-01-2021,,,3943098,23278,255,23020,761473,1868014,736766,5,,,,,,,,,
BR,Sheikhpura,,,,,345,788,,,,,,,,,,,,,4942,10739,,,,,31-01-2021,,,634927,7693,75,7618,142348,287209,95322,0,,,,,,,,,
BR,Sitamarhi,,,,,3873,5476,,1,,,,,,1,,,,,43474,60677,,,,,31-01-2021,,,3419622,9185,127,9058,453227,1511464,424182,1,,,,,,,,,
BR,Siwan,,,,,1163,4030,,,,,,,,,,,,,18385,69069,,,,,31-01-2021,,,3318176,15195,170,15025,536438,1670590,684755,0,,,,,,,,,
BR,Supaul,,,,,3029,5131,,1,,,,,,1,,,,,35486,71754,,,,,31-01-2021,,,2228397,17222,129,17093,456511,1069993,369925,1,,,,,,,,,
BR,Vaishali,,,,,1522,2621,,,,,,,,,1,,,,45426,59038,1,,,,31-01-2021,,,3495021,19827,192,19632,275884,1671469,478638,1,,,,,,,,,
BR,West Champaran,,,,,7525,6316,,,,,,,,,,,,,42709,52019,,,,,31-01-2021,,,3935042,20890,358,20532,551778,1784016,469332,0,,,,,,,,,
CH,Chandigarh,5,,3,1403,211,1282,5,23,,,,,,23,28,,20,10726,3680,21641,28,,,,31-10-2021,,,1055450,65351,820,64495,792851,926035,546981,56,,,,,,,: ,https://t.me/Covid19india_Auxiliary_Test_Data/11877,}
CT,Bastar,2,,2,,82,129,2,,,,,,,,24,,2,,10696,9616,24,,,,23-05-2020,,,1302253,21066,188,20845,4522,443759,178775,26,,,,,,,,,
CT,Balod,,,,,523,762,,3,,,,,,3,2,,1,,5983,9451,2,,,,14-06-2020,,,826165,27278,396,26880,2749,537459,271570,5,,,,,,,,,
CT,Baloda Bazar,,,1,,953,605,,1,,,,,,1,,,3,,25353,17419,,,,,14-06-2020,,,1305343,43085,471,42611,3816,617777,211945,1,,,,,,,,,
CT,Bametara,1,,,,25,25,1,1,,,,,,1,1,,,,14367,7690,1,,,,14-06-2020,,,197035,19963,236,19726,3113,405388,132925,3,,,,,,,,,
CT,Bijapur,3,,1,,47,56,3,6,,,,,,6,5,,3,,1251,913,5,,,,14-06-2020,,,229832,8324,55,8263,1239,103247,44245,14,,,,,,,,,
CT,Bilaspur,1,,3,,2404,9113,1,12,,,,,,12,17,2,8,,18318,50320,17,,,,14-06-2020,,,1961922,65681,1210,64448,9823,1031494,525066,30,,,,,,,,,
CT,Dakshin Bastar Dantewada,1,,,,143,1299,1,4,,,,,,4,6,,2,,2225,5410,6,,,,14-06-2020,,,533638,10840,25,10809,1168,158243,80855,11,,,,,,,,,
CT,Dhamtari,,,2,,1,18,,2,,,,,,2,2,,2,,6188,7319,2,,,,14-06-2020,,,799199,27239,545,26690,1501,509782,224591,4,,,,,,,,,
CT,Durg,4,,6,,468,908,4,19,,,,,,19,26,1,18,,17012,22719,26,,,,14-06-2020,,,3343079,96880,1798,95028,5020,1012391,525445,49,,,,,,,,,
CT,Gariaband,,,,,440,153,,,,,,,,,1,,,,9982,5872,1,,,,14-06-2020,,,597653,19701,194,19506,2096,293987,99137,1,,,,,,,,,
CT,Gaurela Pendra Marwahi,1,,,,257,297,1,,,,,,,,1,,,,4045,4587,1,,,,14-06-2020,,,,12011,146,11864,273,189474,79788,2,,,,,,,,,
CT,Janjgir Champa,2,,4,,1722,1341,2,9,,,,,,9,19,1,8,,45568,30991,19,,,,14-06-2020,,,1620632,57636,838,56766,4016,896087,317605,30,,,,,,,,,
CT,Jashpur,,,3,,187,383,,6,,,,,,6,10,,6,,10933,13098,10,,,,14-06-2020,,,852043,27093,212,26867,2542,435884,182747,16,,,,,,,,,
CT,Kabeerdham,,,,,1128,1288,,,,,,,,,1,,,,17511,17876,1,,,,14-06-2020,,,584667,22771,267,22503,2829,402362,173494,1,,,,,,,,,
CT,Kondagaon,,,,,243,184,,2,,,,,,2,4,,1,,8359,7999,4,,,,14-06-2020,,,578326,13139,99,13036,1607,317695,100468,6,,,,,,,,,
CT,Korba,5,,2,,1086,1126,5,13,,,,,,13,23,,11,,24033,24911,23,,,,14-06-2020,,,1206563,54847,580,54228,10034,650457,287588,41,,,,,,,,,
CT,Koriya,,1,,,2370,346,,1,,,,,,1,6,1,,,15621,5751,6,,,,14-06-2020,,,659039,26980,177,26798,2689,375503,128177,7,,,,,,,,,
CT,Mahasamund,,,,,159,6309,,2,,,,,,2,,,1,,4416,72466,,,,,14-06-2020,,,1032275,31365,365,31000,2183,738333,428365,2,,,,,,,,,
CT,Mungeli,,,,,1330,981,,2,,,,,,2,1,,2,,15254,12880,1,,,,14-06-2020,,,701707,23921,167,23753,2922,282508,109857,3,,,,,,,,,
CT,Narayanpur,,,,,1075,903,,1,,,,,,1,,,1,,3057,1858,,,,,14-06-2020,,,140206,4019,14,4005,804,53032,19468,1,,,,,,,,,
CT,Raigarh,2,,4,,752,6265,2,10,,,,,,10,8,,8,,5114,122838,8,,,,14-06-2020,,,1493627,62590,978,61597,5084,1074306,967326,20,,,,,,,,,
CT,Raipur,9,,3,,789,3193,9,15,,,,,,15,33,,15,,10441,40794,33,,,,14-06-2020,,,4062160,158035,3139,154852,12704,1557999,915437,57,,,,,,,,,
CT,Sukma,,,1,,140,77,,3,,,,,,3,1,,4,,3208,5401,1,,,,14-06-2020,,,249000,8066,20,8041,1723,134654,81437,4,,,,,,,,,
CT,Surajpur,,,,,442,322,,1,,,,,,1,,,,,13506,13873,,,,,14-06-2020,,,660280,29029,224,28805,1830,419247,163526,1,,,,,,,,,
CT,Uttar Bastar Kanker,,,,,995,645,,4,,,,,,4,3,,1,,17930,14621,3,,,,14-06-2020,,,748593,23636,224,23407,2051,405744,171484,7,,,,,,,,,
CT,Balrampur,,,,,1654,725,,,,,,,,,,,,,21912,17709,,,,,20-09-2020,,,598855,20302,118,20182,21481,305554,112777,0,,,,,,,,,
CT,Rajnandgaon,,,,,596,650,,2,,,,,,2,5,,3,,15753,25270,5,,,,11/09/2020,,,1537520,56077,515,55557,124947,1028876,530711,7,,,,,,,,,
CT,Surguja,,,,,1831,1834,,2,,,,,,2,2,,,,29827,33226,2,,,,18-11-2020,,,420661,33673,245,33426,103578,468885,277031,4,,,,,,,,,
CT,Other State,1,,,,,,1,3,,,,,,3,4,,3,,,,4,,,,18-11-2020,,,,805,131,666,,,,8,,,,,,,,,
DL,Delhi,45,,46,56751,12482,11839,45,195,,,,,,195,267,,239,395086,160323,269146,267,,,,31-10-2021,,,19814000,1439870,25091,1414431,29427753,13055636,7425404,507,,,,,,,: ,https://t.me/Covid19india_Auxiliary_Test_Data/11885,}
DN,Dadra and Nagar Haveli,,,,,3,18,,2,,,,,,2,,,,,870,6759,,,,,20-10-2020,,,343709,5920,3,5910,44813,387772,183553,2,,,,,,,,,
DN,Daman,,,1,,,,,2,,,,,,2,,,2,,1880,6793,,,,,20-10-2020,,,191173,3543,1,3516,19338,234202,155547,2,,,,,,,,,
DN,Diu,,,,,,,,,,,,,,,,,,,52,690,,,,,20-10-2020,,,52074,1218,,1218,8259,38779,31153,0,,,,,,,,,
GA,North Goa,,,,,1070,5967,,,,,,,,,,,,,4007,23958,,,,,20-10-2020,,,817761,,,,,600586,424066,0,,,,,,,,,
GA,South Goa,,,,,1492,6405,,,,,,,,,,,,,4401,22504,,,,,20-10-2020,,,639962,,,,,661972,487016,0,,,,,,,,,
GA,Unknown,23,,53,,,,23,409,,,,,,409,222,6,409,,,,222,,,,20-10-2020,,,,178108,3364,174392,,,,654,,,,,,,,,
GJ,Other State,,,,,,,,,,,,,,,,,,,,,,,,,27-06-2020,,,,162,3,159,108,,,0,,,,,,,,,
GJ,Ahmedabad,4,,2,,1765,11394,4,29,,,,,,29,22,,14,,47316,169891,22,,,,02/02/2021,,,7208200,238334,3411,234889,2556492,5961594,3439921,55,,,,,,,,,
GJ,Amreli,,,,,399,3792,,,,,,,,,,,,,5473,39398,,,,,02/02/2021,,,1513614,10810,102,10708,212265,927389,551970,0,,,,,,,,,
GJ,Anand,,,,,4876,2866,,,,,,,,,6,,1,,33012,46764,6,,,,02/02/2021,,,2090276,9637,49,9581,171851,1471865,935893,6,,,,,,,,,
GJ,Aravalli,,,,,2,106,,,,,,,,,,,,,1439,32201,,,,,02/02/2021,,,1051746,5186,78,5108,122182,717964,522361,0,,,,,,,,,
GJ,Banaskantha,,,,,390,3521,,,,,,,,,,,,,16080,82985,,,,,02/02/2021,,,3116045,13631,162,13469,218527,2140492,1157901,0,,,,,,,,,
GJ,Bharuch,,,,,1539,2936,,,,,,,,,,,,,21270,45926,,,,,02/02/2021,,,1550822,11426,118,11308,156057,1217587,669742,0,,,,,,,,,
GJ,Bhavnagar,1,,,,359,1470,1,3,,,,,,3,1,,,,19467,81374,1,,,,02/02/2021,,,2877961,21447,301,21143,392834,1680398,986097,5,,,,,,,,,
GJ,Botad,,,,,13,235,,,,,,,,,,,,,929,14235,,,,,02/02/2021,,,656005,2218,42,2176,98559,378232,228691,0,,,,,,,,,
GJ,Chhota Udaipur,,,,,4,818,,,,,,,,,,,,,699,19920,,,,,02/02/2021,,,1071831,3395,38,3357,93838,635695,420157,0,,,,,,,,,
GJ,Dahod,,,,,8,1930,,,,,,,,,,,,,626,53547,,,,,02/02/2021,,,2126558,9955,38,9917,218259,1499052,631818,0,,,,,,,,,
GJ,Dang,,,,,2,1,,2,,,,,,2,,,,,4140,3726,,,,,02/02/2021,,,226769,866,18,848,31921,156334,59262,2,,,,,,,,,
GJ,Devbhumi Dwarka,,,,,315,373,,,,,,,,,,,,,4666,24924,,,,,02/02/2021,,,752484,4175,82,4093,80424,504501,309771,0,,,,,,,,,
GJ,Gandhinagar,,,,,69,367,,1,,,,,,1,,,,,5475,36333,,,,,02/02/2021,,,1387478,20754,205,20549,292598,1175562,706208,1,,,,,,,,,
GJ,Gir Somnath,,,,,912,15,,3,,,,,,3,2,,2,,8524,15341,2,,,,02/02/2021,,,1217477,8570,67,8499,121948,845224,363467,5,,,,,,,,,
GJ,Jamnagar,,,1,,367,1366,,1,,,,,,1,5,,3,,9406,37158,5,,,,02/02/2021,,,2159130,34978,478,34494,307911,1111813,653950,6,,,,,,,,,
GJ,Junagadh,2,,,,62,1232,2,13,,,,,,13,6,,2,,2660,71531,6,,,,02/02/2021,,,2742291,20505,272,20226,199699,1316479,733025,21,,,,,,,,,
GJ,Kheda,,,,,124,2105,,3,,,,,,3,,,1,,11668,73838,,,,,02/02/2021,,,2298934,10439,48,10391,218140,1454344,893742,3,,,,,,,,,
GJ,Kutch,,,,,15,351,,4,,,,,,4,5,,1,,8920,49662,5,,,,02/02/2021,,,2090313,12631,145,12474,267060,1412923,680232,9,,,,,,,,,
GJ,Mahisagar,,,,,1,929,,,,,,,,,,,,,62,16517,,,,,02/02/2021,,,994624,8194,72,8122,122796,815594,459520,0,,,,,,,,,
GJ,Mehsana,,,,,71,723,,,,,,,,,,,1,,7523,48550,,,,,02/02/2021,,,2027727,24419,177,24242,229904,1405786,869969,0,,,,,,,,,
GJ,Morbi,,,,,31,118,,,,,,,,,,,,,9950,20297,,,,,02/02/2021,,,960329,6502,87,6415,157321,674000,308840,0,,,,,,,,,
GJ,Narmada,,,,,2,12,,2,,,,,,2,,,2,,546,13890,,,,,02/02/2021,,,590379,5955,15,5940,76134,413260,279684,2,,,,,,,,,
GJ,Navsari,,,1,,62,2009,,11,,,,,,11,5,,13,,1852,29095,5,,,,02/02/2021,,,1330711,7215,24,7181,129099,948673,647484,16,,,,,,,,,
GJ,Panchmahal,,,,,80,1246,,,,,,,,,,,,,7294,44832,,,,,02/02/2021,,,2388267,11770,70,11700,160981,1105110,626003,0,,,,,,,,,
GJ,Patan,,,,,20,259,,,,,,,,,,,,,3369,37745,,,,,02/02/2021,,,1342746,11624,129,11495,169059,850462,533438,0,,,,,,,,,
GJ,Porbandar,,,,,48,1062,,,,,,,,,,,,,1140,13063,,,,,02/02/2021,,,586062,3486,19,3467,97912,419364,256377,0,,,,,,,,,
GJ,Rajkot,,,7,,43,153,,2,,,,,,2,7,,7,,17510,53546,7,,,,02/02/2021,,,3157676,57976,725,57243,731251,2227111,1255012,9,,,,,,,,,
GJ,Sabarkantha,,,,,66,1181,,,,,,,,,1,,,,4232,45789,1,,,,02/02/2021,,,2427346,9317,157,9159,182090,1000517,596705,1,,,,,,,,,
GJ,Surat,4,,4,,2525,7090,4,38,,,,,,38,38,1,30,,35083,115694,38,,,,02/02/2021,,,4996391,143874,1956,141885,1938229,4781894,2529712,80,,,,,,,,,
GJ,Surendranagar,,,,,51,647,,,,,,,,,,,,,18641,79795,,,,,02/02/2021,,,1755873,8121,136,7985,201153,1113845,715931,0,,,,,,,,,
GJ,Tapi,,,,,14,111,,1,,,,,,1,,,,,3010,23409,,,,,02/02/2021,,,806489,4441,24,4417,92524,527345,303297,1,,,,,,,,,
GJ,Vadodara,6,,2,,437,12194,6,16,,,,,,16,36,,14,,16527,182027,36,,,,02/02/2021,,,3639775,78159,788,77335,695670,2612578,1940514,58,,,,,,,,,
GJ,Valsad,3,,6,,84,46,3,28,,,,,,28,25,1,25,,6616,36430,25,,,,02/02/2021,,,1703068,6405,53,6308,155380,1232139,704675,56,,,,,,,,,
HP,Kullu,,,3,,,,,17,,,,,,17,19,,18,,889,9323,19,,,,29-09-2020,,,437474,9692,158,9496,12012,351261,203549,36,,,,,,,,,
HP,Lahaul and Spiti,,,,,,,,1,,,,,,1,,,,,30,412,,,,,31-10-2020,,,31528,2953,18,2935,540,31920,20986,1,,,,,,,,,
HP,Bilaspur,11,,12,,6,329,11,78,,,,,,78,133,,77,,695,15071,133,,,,19-12-2020,,,382056,14374,85,14120,39738,323204,234916,222,,,,,,,,,
HP,Chamba,,,2,,146,1749,,8,,,,,,8,27,,13,,1439,18796,27,,,,19-12-2020,,,518844,13687,160,13492,53505,364258,198146,35,,,,,,,,,
HP,Hamirpur,11,,50,,,32,11,177,,,,,,177,288,4,228,,713,26076,288,,,,19-12-2020,,,454293,17379,287,16741,46407,377332,269143,476,,,,,,,,,
HP,Kangra,40,1,108,,2,23,40,310,,,,,,310,657,10,454,,2399,39940,657,,,,19-12-2020,,,1507223,50818,1125,48872,94910,1182563,725754,1007,,,,,,,,,
HP,Kinnaur,,,1,,,,,4,,,,,,4,2,,6,,95,517,2,,,,19-12-2020,,,84298,3507,38,3465,6730,79673,63209,6,,,,,,,,,
HP,Mandi,4,,5,,99,2275,4,165,,,,,,165,140,3,141,,1156,26214,140,,,,19-12-2020,,,999518,31606,448,30983,41895,775242,479355,309,,,,,,,,,
HP,Shimla,4,,9,,20,1688,4,72,,,,,,72,100,3,66,,2224,37351,100,,,,19-12-2020,,,813384,27549,641,26786,32922,678341,412640,176,,,,,,,,,
HP,Sirmaur,,,,,52,1185,,,,,,,,,1,,,,1388,22247,1,,,,19-12-2020,,,530164,15456,211,15244,42564,423793,209631,1,,,,,,,,,
HP,Solan,4,,2,,33,493,4,25,,,,,,25,25,,27,,1393,21242,25,,,,19-12-2020,,,576670,22817,314,22472,57200,691163,339630,54,,,,,,,,,
HP,Una,11,,6,,24,396,11,101,,,,,,101,145,,124,,824,16782,145,,,,19-12-2020,,,521057,14268,253,13804,52905,434945,286819,257,,,,,,,,,
HR,Jind,,,,,490,567,,,,,,,,,1,,,,13366,21662,1,,,,13-07-2020,,,1332042,21209,533,20675,11157,704573,250859,1,,,,,,,,,
HR,Kaithal,,,,,69,149,,2,,,,,,2,,,2,,4183,11836,,,,,13-07-2020,,,1072861,11244,346,10898,11687,615168,217439,2,,,,,,,,,
HR,Rohtak,,,,,311,953,,4,,,,,,4,,,1,,11409,17219,,,,,13-07-2020,,,1058683,25903,534,25350,25894,674649,305282,4,,,,,,,,,
HR,Fatehabad,,,,,30,37,,1,,,,,,1,,,,,1800,7458,,,,,29-08-2020,,,941522,17875,481,17394,27456,574546,201763,1,,,,,,,,,
HR,Panipat,1,,,,375,1054,1,,,,,,,,1,,,,7950,12888,1,,,,10/06/2020,,,1202811,31150,638,30510,58863,830805,273172,2,,,,,,,,,
HR,Charkhi Dadri,,,,,2,35,,,,,,,,,,,2,,941,11884,,,,,28-10-2020,,,502276,5078,139,4939,58525,364599,262184,0,,,,,,,,,
HR,Nuh,,,,,2433,583,,,,,,,,,,,,,10812,3789,,,,,11/01/2020,,,1089406,5014,123,4890,93389,354422,78081,0,,,,,,,,,
HR,Jhajjar,,,,,569,996,,,,,,,,,1,,,,8229,19599,1,,,,30-11-2020,,,956907,18849,328,18514,186853,684511,293496,1,,,,,,,,,
HR,Panchkula,1,,2,,127,1033,1,7,,,,,,7,10,,12,,1786,10743,10,,,,12/05/2020,,,558890,30770,378,30379,118725,456675,279951,18,,,,,,,,,
HR,Sirsa,,,,,47,92,,3,,,,,,3,3,,2,,4263,8228,3,,,,12/06/2020,,,1295114,29282,508,28771,150193,786205,278920,6,,,,,,,,,
HR,Sonipat,,,,,785,2190,,1,,,,,,1,,,1,,9421,21065,,,,,12/06/2020,,,1480080,47138,254,46884,238963,989125,411915,1,,,,,,,,,
HR,Kurukshetra,,,,,55,199,,1,,,,,,1,1,,1,,4064,9522,1,,,,29-01-2021,,,964231,22147,357,21789,198881,610380,248125,2,,,,,,,,,
HR,Ambala,,,,,100,587,,2,,,,,,2,2,,1,,3021,25458,2,,,,30-01-2021,,,1136784,30150,509,29639,206003,873020,571772,4,,,,,,,,,
HR,Bhiwani,,,,,578,2454,,,,,,,,,,,,,6166,25664,,,,,30-01-2021,,,1629109,22409,652,21757,176225,741251,317765,0,,,,,,,,,
HR,Faridabad,1,,,,818,1577,1,8,,,,,,8,18,,7,,17515,30156,18,,,,30-01-2021,,,1798954,99902,716,99157,504970,1658940,840997,27,,,,,,,,,
HR,Gurugram,7,,8,,264,1637,7,47,,,,,,47,55,,48,,20221,48107,55,,,,30-01-2021,,,1514085,181428,922,180454,742619,2193114,1377160,109,,,,,,,,,
HR,Hisar,,,,,58,111,,,,,,,,,2,,,,5821,12364,2,,,,30-01-2021,,,1742815,53995,1136,52857,322039,994213,332162,2,,,,,,,,,
HR,Karnal,1,,,,617,217,1,2,,,,,,2,1,,,,8109,23328,1,,,,30-01-2021,,,1506323,40037,552,39484,185147,1000120,451876,4,,,,,,,,,
HR,Mahendragarh,,,,,205,529,,,,,,,,,,,,,4857,10632,,,,,30-01-2021,,,921680,21689,155,21534,143253,576527,264911,0,,,,,,,,,
HR,Palwal,,,,,358,259,,1,,,,,,1,,,,,7558,9496,,,,,30-01-2021,,,1040493,11025,153,10872,139809,608874,221786,1,,,,,,,,,
HR,Rewari,,,,,83,353,,2,,,,,,2,,,4,,2550,9877,,,,,30-01-2021,,,896129,20327,221,20106,151363,648724,294989,2,,,,,,,,,
HR,Yamunanagar,,,,,102,185,,2,,,,,,2,,,6,,6471,16554,,,,,30-01-2021,,,1214162,24631,414,24215,196131,831598,340196,2,,,,,,,,,
JH,Jamtara,,,,,973,1373,,1,,,,,,1,4,1,3,,9614,12331,4,,,,21-07-2020,,,790207,5599,61,5534,2880,381155,137216,5,,,,,,,,,
JH,Bokaro,,,,,3236,4363,,5,,,,,,5,15,,13,,27554,34375,15,,,,21-07-2020,,,2061918,19461,286,19170,11798,994497,333330,20,,,,,,,,,
JH,Deoghar,,,,,985,2299,,,,,,,,,2,,1,,9801,19008,2,,,,21-07-2020,,,1491879,10835,113,10721,6951,569167,230458,2,,,,,,,,,
JH,Dumka,,,1,,1460,2659,,,,,,,,,2,,2,,12679,22872,2,,,,21-07-2020,,,1321096,4636,47,4589,5400,638722,229944,2,,,,,,,,,
JH,Giridih,,,,,2411,3577,,,,,,,,,,,,,16994,29823,,,,,21-07-2020,,,2445203,8964,130,8834,11132,994417,301193,0,,,,,,,,,
JH,Godda,,,,,906,1883,,,,,,,,,1,,1,,7385,16537,1,,,,21-07-2020,,,1311382,5840,87,5753,10980,527710,198198,1,,,,,,,,,
JH,Pakur,,,,,3009,2636,,1,,,,,,1,,,,,9945,9107,,,,,21-07-2020,,,899200,2552,12,2539,6429,378048,108941,1,,,,,,,,,
JH,Sahibganj,,,,,1336,947,,,,,,,,,,,,,10449,13687,,,,,21-07-2020,,,1150038,4834,42,4792,5029,430948,132560,0,,,,,,,,,
JH,Lohardaga,,,,,188,166,,,,,,,,,,,2,,3444,3563,,,,,21-07-2020,,,461738,6709,88,6621,7526,173109,63130,0,,,,,,,,,
JH,Khunti,,,,,354,367,,2,,,,,,2,,,,,3335,3834,,,,,21-07-2020,,,530299,7820,96,7724,3852,227503,107053,2,,,,,,,,,
JH,Saraikela-Kharsawan,,,,,682,490,,,,,,,,,,,,,11215,12399,,,,,21-07-2020,,,1063458,7207,67,7137,161796,505417,167980,0,,,,,,,,,
JH,Chatra,,,,,909,1813,,,,,,,,,,,,,5946,11402,,,,,21-07-2020,,,1042304,6033,53,5977,,454807,126700,0,,,,,,,,,
JH,Dhanbad,,,1,,2811,3597,,1,,,,,,1,24,,13,,33374,34095,24,,,,21-07-2020,,,2682662,16589,382,16196,,1185934,446946,25,,,,,,,,,
JH,East Singhbhum,,,3,,1925,4669,,11,,,,,,11,47,2,42,,11994,29238,47,,,,21-07-2020,,,2291032,51974,1046,50907,,1424376,661091,58,,,,,,,,,
JH,Garhwa,,,1,,4770,3027,,1,,,,,,1,6,,7,,17210,15386,6,,,,21-07-2020,,,1322387,6895,94,6801,,456056,148421,7,,,,,,,,,
JH,Gumla,,,,,465,744,,,,,,,,,5,,,,4900,8696,5,,,,21-07-2020,,,1025656,9900,38,9857,,387738,156364,5,,,,,,,,,
JH,Hazaribagh,,,,,678,1243,,,,,,,,,3,,3,,11940,21857,3,,,,21-07-2020,,,1734005,19593,186,19404,,865943,317137,3,,,,,,,,,
JH,Koderma,,,,,45,235,,,,,,,,,,,,,3393,11488,,,,,21-07-2020,,,717169,12872,136,12736,,363078,140609,0,,,,,,,,,
JH,Latehar,,,,,1158,773,,,,,,,,,,,,,9565,7719,,,,,21-07-2020,,,725673,7871,57,7814,,294989,84919,0,,,,,,,,,
JH,Palamu,,,,,5270,6713,,,,,,,,,,,,,21657,37375,,,,,21-07-2020,,,1936319,12294,110,12184,,788026,311074,0,,,,,,,,,
JH,Ramgarh,,,,,645,944,,1,,,,,,1,7,,,,5306,10927,7,,,,21-07-2020,,,949159,13923,197,13714,,522017,185442,8,,,,,,,,,
JH,Ranchi,10,,2,,4743,4594,10,52,,,,,,52,182,,228,,35099,38856,182,,,,21-07-2020,,,2912022,86116,1585,84495,,1512114,656001,244,,,,,,,,,
JH,Simdega,,,,,67,189,,,,,,,,,,,,,1694,4126,,,,,21-07-2020,,,599813,7193,92,7101,,277357,112059,0,,,,,,,,,
JH,Unknown,,,,,,,,,,,,,,,-166,,-70,,,,-166,,,,21-07-2020,,,,,,,,,,-166,,,,,,,,,
JH,West Singhbhum,,,,,895,962,,3,,,,,,3,5,,5,,12587,16980,5,,,,21-07-2020,,,1501619,13054,133,12918,,630437,225607,8,,,,,,,,,
JK,Pulwama,4,,,,24,1414,4,8,,,,,,8,5,,5,,1021,16829,5,,,,01-01-2021,,,570060,15512,194,15309,139552,430622,244300,17,,,,,,,,,
JK,Anantnag,2,,2,,69,4677,2,19,,,,,,19,10,,12,,1472,30949,10,,,,05-01-2021,,,1070144,16603,205,16378,,759605,402717,31,,,,,,,,,
JK,Bandipora,1,,,,12,639,1,16,,,,,,16,13,,19,,349,6835,13,,,,09-01-2021,,,385099,9814,102,9693,,303665,154345,30,,,,,,,,,
JK,Baramulla,10,,6,,42,2327,10,57,,,,,,57,96,,64,,1665,29357,96,,,,13-01-2021,,,1015503,24613,282,24196,,776258,450002,163,,,,,,,,,
JK,Budgam,10,,10,,113,2657,10,48,,,,,,48,63,,53,,1409,22456,63,,,,17-01-2021,,,735753,23844,207,23548,,592075,319587,121,,,,,,,,,
JK,Doda,2,,,,74,1079,2,26,,,,,,26,18,,26,,1065,19212,18,,,,21-01-2021,,,409576,7869,133,7704,,313983,158751,46,,,,,,,,,
JK,Ganderbal,7,,2,,33,1116,7,10,,,,,,10,31,,12,,370,9271,31,,,,25-01-2021,,,297003,10436,79,10313,,227349,133812,48,,,,,,,,,
JK,Jammu,3,,6,,86,593,3,27,,,,,,27,20,,37,,4121,16781,20,,,,29-01-2021,,,1526406,53324,1145,52145,,1168448,610537,50,,,,,,,,,
JK,Kathua,,,,,108,2053,,1,,,,,,1,,1,5,,1867,22270,,,,,02-02-2021,,,615711,9327,152,9175,,482584,249588,1,,,,,,,,,
JK,Kishtwar,,,,,85,320,,,,,,,,,1,,,,3948,3385,1,,,,06-02-2021,,,230696,4819,44,4773,,164754,78041,1,,,,,,,,,
JK,Kulgam,1,,2,,39,1610,1,1,,,,,,1,2,,5,,632,20244,2,,,,10-02-2021,,,422786,11489,117,11367,,401091,202260,4,,,,,,,,,
JK,Kupwara,5,,4,,165,8743,5,32,,,,,,32,25,,25,,3959,42820,25,,,,14-02-2021,,,875564,14463,166,14268,,673594,348327,62,,,,,,,,,
JK,Punch,,,,,45,3190,,13,,,,,,13,7,,14,,695,27765,7,,,,18-02-2021,,,476820,6482,98,6371,,386098,234540,20,,,,,,,,,
JK,Rajouri,,,,,56,752,,8,,,,,,8,4,,7,,1247,9544,4,,,,22-02-2021,,,619266,11272,237,11031,,498787,241407,12,,,,,,,,,
JK,Ramban,1,,,,155,829,1,,,,,,,,3,,,,1498,10369,3,,,,26-02-2021,,,283313,6043,67,5971,,220690,147086,4,,,,,,,,,
JK,Reasi,,,2,,240,1808,,13,,,,,,13,4,,10,,1644,15636,4,,,,02-03-2021,,,314714,6626,43,6575,,244379,133971,17,,,,,,,,,
JK,Samba,,,,,40,468,,1,,,,,,1,,,2,,1207,6224,,,,,06-03-2021,,,318611,7152,120,7032,,280700,122554,1,,,,,,,,,
JK,Shopiyan,,,,,6,302,,,,,,,,,,,,,139,7669,,,,,10-03-2021,,,265960,5607,58,5549,,203036,95122,0,,,,,,,,,
JK,Srinagar,49,,45,,394,11547,49,247,,,,,,247,305,2,274,,2788,80075,305,,,,14-03-2021,,,1269751,75539,846,74242,,957347,592016,601,,,,,,,,,
JK,Udhampur,,,,,76,700,,2,,,,,,2,4,,2,,2420,14763,4,,,,18-03-2021,,,555357,11415,137,11275,,425945,227785,6,,,,,,,,,
KA,Chamarajanagara,,,4,,25,399,,14,,,,,,14,6,,15,,2102,36658,6,,,,22-03-2021,,,1020962,33001,500,32469,5156,647951,351940,20,,,,,,,,,
KA,Chikkaballapura,2,1,,,16,22,2,6,,,,,,6,11,3,8,,4700,19860,11,,,,26-03-2021,,,1254377,43951,429,43501,15089,852473,497674,19,,,,,,,,,
KA,Chikkamagaluru,3,,4,,14,29,3,46,,,,,,46,28,,93,,4830,13010,28,,,,28-06-2020,,,1137753,51126,395,50662,5467,737417,346002,77,,,,,,,,,
KA,Chitradurga,3,,3,,2340,1956,3,9,,,,,,9,17,,12,,45062,47252,17,,,,28-06-2020,,,1660378,36666,206,36412,4393,1020280,618156,29,,,,,,,,,
KA,Davanagere,2,,1,,16,33,2,9,,,,,,9,10,1,11,,7079,28149,10,,,,28-06-2020,,,1946905,50989,608,50359,17483,1016827,495371,21,,,,,,,,,
KA,Gadag,,,,,1176,167,,1,,,,,,1,,,,,12373,16257,,,,,28-06-2020,,,1065235,26066,319,25747,8904,691646,328477,1,,,,,,,,,
KA,Hassan,26,,28,,37,123,26,144,,,,,,144,147,5,125,,5434,26697,147,,,,28-06-2020,,,1776221,111785,1256,110294,10800,1224599,614828,317,,,,,,,,,
KA,Haveri,1,,1,,2,7,1,3,,,,,,3,1,1,2,,8794,36386,1,,,,28-06-2020,,,1598506,21947,644,21301,11714,999178,383705,5,,,,,,,,,
KA,Koppal,,,,,116,321,,2,,,,,,2,1,,5,,16045,33794,1,,,,28-06-2020,,,1391292,35198,521,34660,8708,814373,411092,3,,,,,,,,,
KA,Mandya,8,,2,,8,123,8,59,,,,,,59,48,,36,,5411,28944,48,,,,28-06-2020,,,1808680,73753,650,73029,14874,1189318,659066,115,,,,,,,,,
KA,Raichur,,,1,,151,433,,7,,,,,,7,1,,4,,19900,34897,1,,,,28-06-2020,,,1924773,39973,331,39641,21011,1021603,448501,8,,,,,,,,,
KA,Uttara Kannada,6,,4,,11,155,6,65,,,,,,65,66,,48,,3955,32067,66,,,,28-06-2020,,,1353299,56218,766,55339,13833,980496,505589,137,,,,,,,,,
KA,Vijayapura,,,,,340,583,,11,,,,,,11,2,,2,,59571,50033,2,,,,28-06-2020,,,2175102,36267,495,35764,25108,1535235,634270,13,,,,,,,,,
KA,Shivamogga,3,,,,417,957,3,38,,,,,,38,30,,66,,23220,47086,30,,,,21-08-2020,,,1755512,69444,1088,68239,48760,1162073,535447,71,,,,,,,,,
KA,Bagalkote,,,,,823,98,,1,,,,,,1,,,,,57683,22844,,,,,23-08-2020,,,1890826,35178,333,34843,49851,1188016,613422,1,,,,,,,,,
KA,Bidar,,,,,408,740,,7,,,,,,7,,,5,,13739,30558,,,,,29-08-2020,,,1700018,24340,400,23936,67689,929776,515993,7,,,,,,,,,
KA,Mysuru,33,2,34,,798,1258,33,252,,,,,,252,234,7,247,,46664,111457,234,,,,31-08-2020,,,2994744,179167,2416,176447,107338,2141764,1239770,519,,,,,,,,,
KA,Udupi,2,,6,,16,137,2,91,,,,,,91,49,,75,,2422,27889,49,,,,13-09-2020,,,1177908,76718,489,76181,86092,919074,529427,142,,,,,,,,,
KA,Dakshina Kannada,24,,20,,139,858,24,232,,,,,,232,192,9,193,,5124,38765,192,,,,17-09-2020,,,2083625,115478,1680,113515,131281,1531107,848253,448,,,,,,,,,
KA,Tumakuru,17,,12,,1842,3742,17,103,,,,,,103,136,1,112,,31038,66650,136,,,,24-09-2020,,,2681449,120836,1127,119420,106564,1672730,881580,256,,,,,,,,,
KA,Dharwad,,1,3,,459,323,,15,,,,,,15,4,3,10,,24515,35313,4,,,,13-10-2020,,,1846993,60970,1315,59639,137696,1212295,561504,19,,,,,,,,,
KA,Kolar,2,,5,,748,1088,2,38,,,,,,38,18,3,31,,13745,34211,18,,,,14-10-2020,,,1540231,46916,638,46266,91924,991957,625918,58,,,,,,,,,
KA,Ramanagara,,,,,11,61,,12,,,,,,12,8,2,10,,6303,28767,8,,,,25-11-2020,,,1082739,24204,320,23869,103399,754463,469335,20,,,,,,,,,
KA,Ballari,,,2,,2415,483,,9,,,,,,9,9,,14,,54006,84805,9,,,,28-12-2020,,,2532383,97763,1689,95961,402407,1758198,864065,18,,,,,,,,,
KA,Belagavi,6,,1,,427,825,6,31,,,,,,31,20,1,21,,39701,98350,20,,,,01/02/2021,,,4778439,79900,938,78879,396565,3165252,1386668,57,,,,,,,,,
KA,Kalaburagi,3,,,,1631,1001,3,2,,,,,,2,9,,5,,35135,44220,9,,,,30-01-2021,,,2564892,61926,819,61087,409596,1323039,641641,14,,,,,,,,,
KA,Bengaluru Rural,3,,3,,118,994,3,40,,,,,,40,23,2,27,,5196,22700,23,,,,31-01-2021,,,987257,62005,890,61073,240277,700825,385704,66,,,,,,,,,
KA,Bengaluru Urban,137,7,204,,2109,11462,137,1105,,,,,,1105,1165,37,1093,,48836,247281,1165,,,,31-01-2021,,,9588910,1251872,16281,1229059,6883888,9219875,5903791,2407,,,,,,,,,
KA,Kodagu,11,,7,,26,202,11,79,,,,,,79,112,,67,,1558,12680,112,,,,31-01-2021,,,554762,37095,329,36616,143982,385482,212033,202,,,,,,,,,
KA,Yadgir,,,,,108,62,,1,,,,,,1,,,2,,18060,15460,,,,,31-01-2021,,,1172985,27545,207,27337,221485,708887,348094,1,,,,,,,,,
KA,Other State,,,,,,,,,,,,,,,,,,,,,,,,,31-01-2021,,,,36,3,33,,,,0,,,,,,,,,
KL,Palakkad,339,16,423,,37,397,339,3177,,,,,,3177,2560,175,2544,,8712,57261,2560,,,,19-10-2020,,,2810892,373839,2881,364351,226562,1989222,950909,6076,,,,,,,,,
KL,Thiruvananthapuram,878,1,754,,418,2986,878,7626,,,,,,7626,7056,118,4851,,9284,89297,7056,,,,23-10-2020,,,3307284,463977,4996,448304,436661,2578575,1562343,15560,,,,,,,,,
KL,Malappuram,334,48,560,,152,523,334,3497,,,,,,3497,2634,108,2929,,20840,52896,2634,,,,30-12-2020,,,4110956,567584,2576,562111,469850,2833303,1103557,6465,,,,,,,,,
KL,Idukki,550,1,195,,26,208,550,3256,,,,,,3256,2876,71,1866,,2211,27218,2876,,,,01/01/2021,,,1107453,147118,519,140292,237691,859116,481911,6682,,,,,,,,,
KL,Kannur,304,,451,,38,325,304,3456,,,,,,3456,2611,301,3143,,7636,71089,2611,,,,01/01/2021,,,2525637,275264,2325,269475,392136,1891004,959656,6371,,,,,,,,,
KL,Kozhikode,742,23,760,,55,449,742,5631,,,,,,5631,5386,513,5059,,11449,57479,5386,,,,01/01/2021,,,3089543,527346,3374,519030,955060,2341296,1154561,11759,,,,,,,,,
KL,Pathanamthitta,447,2,406,,149,1275,447,2683,,,,,,2683,2953,122,2635,,2637,29343,2953,,,,01/01/2021,,,1195537,193406,1076,184979,306034,1048352,677224,6083,,,,,,,,,
KL,Thrissur,753,59,38,,107,977,753,6874,,,,,,6874,5751,388,3647,,8853,87643,5751,,,,01/01/2021,,,3110327,523260,3575,515481,639055,2295947,1305873,13378,,,,,,,,,
KL,Wayanad,269,,329,,12,243,269,1767,,,,,,1767,1823,30,1691,,2223,32359,1823,,,,01/01/2021,,,816558,125732,518,121295,211953,659451,436359,3859,,,,,,,,,
KL,Alappuzha,270,1,455,,65,502,270,3016,,,,,,3016,2035,228,2526,,5337,51712,2035,,,,01/01/2021,,,2121943,316160,1862,313515,,1518055,855411,5321,,,,,,,,,
KL,Ernakulam,1046,11,918,,573,1977,1046,8747,,,,,,8747,7647,742,8539,,13018,91762,7647,,,,01/01/2021,,,3279860,602800,3555,583842,,2953482,1759232,17440,,,,,,,,,
KL,Kasaragod,137,,147,,389,1861,137,1156,,,,,,1156,1054,31,1082,,4942,24290,1054,,,,01/01/2021,,,1302600,138815,617,134824,,910194,521754,2347,,,,,,,,,
KL,Kollam,592,,848,,13,215,592,3991,,,,,,3991,4753,161,6283,,7368,62100,4753,,,,01/01/2021,,,2629703,390872,2451,383923,,1951077,1047951,9336,,,,,,,,,
KL,Kottayam,506,5,155,,11,125,506,4644,,,,,,4644,4187,101,1611,,5298,58083,4187,,,,01/01/2021,,,1979384,322484,1356,315759,,1477425,841596,9337,,,,,,,,,
LA,Kargil,,,,,,3,,,,,,,,,4,,,,205,748,4,,,,14-01-2021,,,143000,3619,58,3556,37471,87221,64300,4,,,,,,,,,
LA,Leh,11,,9,,,,11,26,,,,,,26,54,,28,,320,785,54,,,,14-01-2021,,,147000,17343,150,17131,72597,121577,87980,91,,,,,,,,,
LD,Lakshadweep,,,,31,,4,,,,,,,,,,,,1625,69,796,,,,,31-10-2021,,,64473,10365,51,10270,263541,55129,45951,0,,,,,,,: ,,
MH,Aurangabad,27,,,,759,246,27,140,,,,,,140,156,1,157,,46323,34109,156,,,,30-05-2020,,,3695928,155331,4251,150615,11800,1772420,723304,323,,,,,,,,,
MH,Ahmednagar,138,2,11,,535,661,138,2120,,,,,,2120,866,26,728,,44180,28319,866,,,,19-07-2020,,,4543083,339457,7043,330122,11077,2468837,881402,3124,,,,,,,,,
MH,Gadchiroli,,,,,424,255,,4,,,,,,4,2,,5,,14790,10994,2,,,,23-07-2020,,,1071795,30440,669,29735,11993,540319,231208,6,,,,,,,,,
MH,Hingoli,,,,,459,166,,7,,,,,,7,,,3,,42054,16145,,,,,08/03/2020,,,1178973,18475,506,17949,6797,537442,201000,7,,,,,,,,,
MH,Beed,12,,7,,411,473,12,123,,,,,,123,69,5,35,,34333,24584,69,,,,10/11/2020,,,2585962,103749,2806,100803,111488,1145382,485615,204,,,,,,,,,
MH,Bhandara,,,,,7,13,,,,,,,,,,,1,,5080,16415,,,,,10/11/2020,,,1198810,60080,1123,58945,54195,825867,421585,0,,,,,,,,,
MH,Dhule,,,,,121,230,,4,,,,,,4,5,,4,,23261,19364,5,,,,10/11/2020,,,2048781,46172,654,45501,90092,1007007,476051,9,,,,,,,,,
MH,Nagpur,4,,5,,3039,3360,4,20,,,,,,20,35,,43,,58567,71818,35,,,,18-10-2020,,,4653171,493607,9128,484334,382083,3006439,1460890,59,,,,,,,,,
MH,Wardha,2,,2,,18,65,2,4,,,,,,4,5,,4,,16481,14040,5,,,,31-10-2020,,,1296157,57344,1217,55956,52365,755863,314899,11,,,,,,,,,
MH,Nanded,2,,3,,8820,2618,2,15,,,,,,15,28,,22,,144423,41697,28,,,,11/03/2020,,,3356566,90409,2658,87721,117319,1560558,560812,45,,,,,,,,,
MH,Thane,153,6,525,,3664,5578,153,1629,,,,,,1629,1241,44,3002,,108643,120708,1241,,,,11/04/2020,,,11060148,610128,11462,597141,1229625,5484839,2751182,3023,,,,,,,,,
MH,Nandurbar,,,,,738,178,,,,,,,,,2,,1,,19572,12517,2,,,,12/12/2020,,,1646177,40006,948,39054,37740,723850,342054,2,,,,,,,,,
MH,Osmanabad,16,,3,,5549,1039,16,197,,,,,,197,89,1,154,,44954,11658,89,,,,01/07/2021,,,1660311,67828,1963,65577,109450,803192,308210,302,,,,,,,,,
MH,Pune,245,,300,,2900,4885,245,2964,,,,,,2964,1536,20,5294,,85256,136336,1536,,,,01/12/2021,,,9426959,1154776,19594,1131401,97127,7843130,4264808,4745,,,,,,,,,
MH,Raigad,26,,34,,326,1214,26,594,,,,,,594,267,10,359,,21737,31684,267,,,,28-01-2021,,,2635394,195958,4551,190759,304088,1859507,774913,887,,,,,,,,,
MH,Gondia,,,,,32,45,,,,,,,,,2,,3,,8593,23092,2,,,,29-01-2021,,,1322331,40519,569,39941,130146,888961,469980,2,,,,,,,,,
MH,Mumbai,308,3,429,,2725,2540,308,3019,,,,,,3019,2242,34,2604,,98915,219736,2242,,,,29-01-2021,,,12442373,756749,16247,733318,2789713,9115615,5564204,5569,,,,,,,,,
MH,Yavatmal,2,,1,,2588,697,2,2,,,,,,2,6,,7,,56233,26091,6,,,,29-01-2021,,,2775457,75967,1798,74159,141551,1211321,496306,10,,,,,,,,,
MH,Buldhana,3,,1,,402,153,3,15,,,,,,15,16,1,16,,34272,24089,16,,,,30-01-2021,,,2588039,85520,797,84710,115874,1136679,512944,34,,,,,,,,,
MH,Chandrapur,2,,,,54,24,2,14,,,,,,14,7,,,,22248,18994,7,,,,30-01-2021,,,2194262,88968,1560,87387,199809,1335017,458690,23,,,,,,,,,
MH,Jalgaon,,,2,,6,19,,11,,,,,,11,4,,11,,37870,21599,4,,,,30-01-2021,,,4224442,139934,2714,137178,429198,2085101,699544,15,,,,,,,,,
MH,Jalna,,,,,121,16,,44,,,,,,44,15,,47,,112537,35713,15,,,,30-01-2021,,,1958483,60615,1209,59382,117047,1081253,413822,59,,,,,,,,,
MH,Nashik,60,3,32,,2116,473,60,585,,,,,,585,456,12,519,,143768,58112,456,,,,30-01-2021,,,6109052,410681,8679,401418,498397,3471046,1299122,1101,,,,,,,,,
MH,Palghar,28,,6,,863,1749,28,310,,,,,,310,204,,326,,32112,39231,204,,,,30-01-2021,,,2990116,138013,3282,134309,319724,1869199,678741,542,,,,,,,,,
MH,Parbhani,,,1,,4016,1361,,12,,,,,,12,13,1,9,,44477,20480,13,,,,30-01-2021,,,1835982,52362,1233,51078,110937,905874,378183,25,,,,,,,,,
MH,Satara,35,1,4,,225,298,35,508,,,,,,508,157,17,501,,16690,30950,157,,,,30-01-2021,,,3003922,250414,6428,243482,312742,1963730,865197,700,,,,,,,,,
MH,Solapur,51,4,7,,5956,1381,51,519,,,,,,519,253,11,370,,77398,34204,253,,,,30-01-2021,,,4315527,210466,5551,204364,629266,2242339,690069,823,,,,,,,,,
MH,Akola,,,1,,576,200,,7,,,,,,7,3,,7,,26579,10081,3,,,,02/02/2021,,,1818617,58764,1425,57318,,760099,357931,10,,,,,,,,,
MH,Amravati,1,,,,112,66,1,2,,,,,,2,3,,,,29961,21747,3,,,,05/02/2021,,,2887826,96231,1594,94618,,1241168,548807,6,,,,,,,,,
MH,Kolhapur,12,,5,,152,337,12,74,,,,,,74,55,2,115,,19104,23088,55,,,,08/02/2021,,,3874015,206671,5847,200699,,2536731,1043329,141,,,,,,,,,
MH,Latur,5,1,,,4676,1424,5,47,,,,,,47,39,3,,,82644,33519,39,,,,11/02/2021,,,2455543,92133,2437,89608,,1182476,507616,91,,,,,,,,,
MH,Other State,,,,,,,,,,,,,,,,,,,,,,,,,14/02/2021,,,,144,111,31,,,,0,,,,,,,,,
MH,Ratnagiri,8,,14,,83,224,8,192,,,,,,192,91,4,160,,10880,7924,91,,,,17/02/2021,,,1612672,78950,2478,76292,,920151,388703,291,,,,,,,,,
MH,Sangli,19,,,,128,120,19,380,,,,,,380,155,4,375,,11974,19041,155,,,,20/02/2021,,,2820575,209771,5613,203673,,1810980,802877,554,,,,,,,,,
MH,Sindhudurg,12,,6,,-1,1,12,258,,,,,,258,91,4,259,,3915,5195,91,,,,23/02/2021,,,848868,52783,1434,50987,,524896,279051,361,,,,,,,,,
MH,Washim,1,,,,1016,516,1,5,,,,,,5,4,,5,,30932,19238,4,,,,26/02/2021,,,1196714,41663,637,41020,,579042,321710,10,,,,,,,,,
ML,East Garo Hills,,,1,,,,,1,,,,,,1,5,,2,,482,1424,5,,,,31-12-2020,,,317618,1867,13,1844,,47655,20648,6,,,,,,,,,
ML,East Jaintia Hills,,,,,,,,8,,,,,,8,2,,3,,483,2964,2,,,,03/01/2021,,,122436,2430,31,2395,,64432,33259,10,,,,,,,,,
ML,East Khasi Hills,14,1,18,,,17,14,348,,,,,,348,171,2,286,,1847,10698,171,,,,06/01/2021,,,824059,41025,987,39754,,318381,225526,533,,,,,,,,,
ML,North Garo Hills,1,,,,,,1,1,,,,,,1,3,,2,,596,3614,3,,,,09/01/2021,,,118325,1685,8,1674,,62675,28288,5,,,,,,,,,
ML,Ribhoi,1,,3,,15,65,1,20,,,,,,20,14,,23,,884,3492,14,,,,12/01/2021,,,258380,9697,89,9584,,92049,48460,35,,,,,,,,,
ML,South Garo Hills,,,,,13,67,,1,,,,,,1,,,1,,329,1346,,,,,15/01/2021,,,142574,1216,12,1203,,40103,18937,1,,,,,,,,,
ML,South West Garo Hills,,,1,,,,,2,,,,,,2,3,,3,,924,4509,3,,,,18/01/2021,,,172495,1872,17,1852,,73397,39210,5,,,,,,,,,
ML,South West Khasi Hills,,,,,,,,5,,,,,,5,6,,1,,61,552,6,,,,21/01/2021,,,110152,2548,17,2525,,33372,17117,11,,,,,,,,,
ML,West Garo Hills,3,,1,,7,32,3,13,,,,,,13,8,,11,,1409,8093,8,,,,24/01/2021,,,642923,9027,72,8943,,209662,119725,24,,,,,,,,,
ML,West Jaintia Hills,1,,,,,,1,13,,,,,,13,11,2,31,,411,3480,11,,,,27/01/2021,,,270352,6803,133,6642,,84529,47646,25,,,,,,,,,
ML,West Khasi Hills,2,,27,,1,20,2,118,,,,,,118,33,,97,,443,1763,33,,,,30/01/2021,,,385601,5457,71,5330,,77018,43000,153,,,,,,,,,
MN,Churachandpur,,,,,27,370,,,,,,,,,,,,,345,3560,,,,,23-09-2020,,,271274,,,,13542,104247,62208,0,,,,,,,,,
MN,Bishnupur,,,,,,,,,,,,,,,,,,,685,8679,,,,,28-09-2020,,,240363,,,,,128902,64791,0,,,,,,,,,
MN,Chandel,,,,,5,134,,,,,,,,,,,,,98,1337,,,,,03-10-2020,,,144028,,,,,26634,15197,0,,,,,,,,,
MN,Imphal East,,,,,183,1268,,,,,,,,,,,,,2402,19169,,,,,08-10-2020,,,452661,,,,,251626,148953,0,,,,,,,,,
MN,Imphal West,,,,,74,841,,,,,,,,,,,,,1861,17353,,,,,13-10-2020,,,514683,,,,,308782,199404,0,,,,,,,,,
MN,Jiribam,,,,,,,,,,,,,,,,,,,70,1927,,,,,18-10-2020,,,43818,,,,,27911,17262,0,,,,,,,,,
MN,Kakching,,,,,,,,,,,,,,,,,,,214,2450,,,,,23-10-2020,,,135481,,,,,84702,49653,0,,,,,,,,,
MN,Kamjong,,,,,75,371,,,,,,,,,,,,,129,736,,,,,28-10-2020,,,45616,,,,,10502,5370,0,,,,,,,,,
MN,Kangpokpi,,,,,73,26,,,,,,,,,,,,,291,1472,,,,,02-11-2020,,,,,,,,39027,19015,0,,,,,,,,,
MN,Noney,,,,,29,388,,,,,,,,,,,,,98,1211,,,,,07-11-2020,,,,,,,,16798,9819,0,,,,,,,,,
MN,Pherzawl,,,,,,52,,,,,,,,,,,,,55,711,,,,,12-11-2020,,,47250,,,,,12417,9888,0,,,,,,,,,
MN,Senapati,,,,,105,291,,,,,,,,,,,,,425,1940,,,,,17-11-2020,,,354772,,,,,28247,18288,0,,,,,,,,,
MN,Tamenglong,,,,,53,76,,,,,,,,,,,,,174,1204,,,,,22-11-2020,,,140143,,,,,19931,10361,0,,,,,,,,,
MN,Tengnoupal,,,,,14,183,,,,,,,,,,,,,93,1176,,,,,27-11-2020,,,,,,,,26209,12163,0,,,,,,,,,
MN,Thoubal,,,,,1,22,,,,,,,,,,,,,378,6574,,,,,02-12-2020,,,420517,,,,,141308,62279,0,,,,,,,,,
MN,Ukhrul,,,,,66,258,,,,,,,,,,,,,362,1775,,,,,07-12-2020,,,183115,,,,,22193,14759,0,,,,,,,,,
MN,Unknown,63,1,62,,,,63,734,,,,,,734,439,10,652,,,,439,,,,12-12-2020,,,,123731,1921,121102,,,,1236,,,,,,,,,
MP,Dindori,,,,,4,96,,,,,,,,,,,,,1342,21481,,,,,07/08/2020,,,704218,4623,29,4588,3557,481366,186341,0,,,,,,,,,
MP,Sidhi,,,,,58,512,,,,,,,,,,,,,1867,19145,,,,,26-07-2020,,,1126515,9219,87,9132,4660,679862,226632,0,,,,,,,,,
MP,Burhanpur,,,,,49,138,,,,,,,,,,,,,762,6561,,,,,18-08-2020,,,756993,2568,39,2529,13040,493618,220909,0,,,,,,,,,
MP,Rewa,,,,,85,1574,,,,,,,,,,,,,6664,104963,,,,,18-08-2020,,,2363744,16433,155,16270,22690,1639826,674779,0,,,,,,,,,
MP,Balaghat,2,,,,25,342,2,,,,,,,,2,,,,15838,71692,2,,,,19-08-2020,,,1701156,9100,64,9017,9654,1278183,549643,4,,,,,,,,,
MP,Khandwa,,,,,,,,,,,,,,,,,,,880,13668,,,,,24-08-2020,,,1309443,4044,94,3946,17090,862885,310248,0,,,,,,,,,
MP,Anuppur,,,,,73,1328,,,,,,,,,,,,,995,18360,,,,,19-09-2020,,,749521,9238,89,9140,3424,481238,164712,0,,,,,,,,,
MP,Bhopal,2,,,,66,646,2,27,,,,,,27,38,,,,4130,38750,38,,,,19-09-2020,,,2368145,123552,972,122121,245166,2012966,1168682,67,,,,,,,,,
MP,Damoh,,,,,39,982,,,,,,,,,,,,,4298,52314,,,,,19-09-2020,,,1263703,8120,186,7841,16564,844557,326505,0,,,,,,,,,
MP,Khargone,,,,,922,5304,,,,,,,,,,,,,3049,32932,,,,,19-09-2020,,,1872413,13970,239,13716,38413,1147444,411114,0,,,,,,,,,
MP,Sagar,2,,,,23,343,2,6,,,,,,6,2,,,,6321,60800,2,,,,19-09-2020,,,2378295,16622,390,16154,64801,1563245,760746,10,,,,,,,,,
MP,Satna,,,,,37,303,,,,,,,,,,,,,3426,40519,,,,,19-09-2020,,,2228619,11965,133,11829,28159,1532585,481540,0,,,,,,,,,
MP,Seoni,,,,,15,402,,,,,,,,,,,,,2162,38081,,,,,19-09-2020,,,1378876,6775,28,6739,15024,945564,341871,0,,,,,,,,,
MP,Shahdol,,,,,20,426,,,,,,,,,,,,,857,22928,,,,,19-09-2020,,,1064989,10085,118,9958,18177,723227,337272,0,,,,,,,,,
MP,Ujjain,,,,,27,1323,,1,,,,,,1,1,,,,4210,65566,1,,,,19-09-2020,,,1986864,18903,172,18720,31631,1452247,836514,2,,,,,,,,,
MP,Bhind,,,,,29,1176,,1,,,,,,1,,,,,1525,30042,,,,,16-11-2020,,,1703562,2995,32,2960,44395,1034374,351065,1,,,,,,,,,
MP,Barwani,,,,,76,542,,,,,,,,,,,,,1615,16619,,,,,19-11-2020,,,1385659,8366,90,8267,41588,788872,225336,0,,,,,,,,,
MP,Shivpuri,,,,,883,13988,,,,,,,,,,,,,3082,38901,,,,,19-11-2020,,,1725818,12398,125,12261,47270,1109976,391707,0,,,,,,,,,
MP,Umaria,,,,,9,93,,,,,,,,,,,,,955,28084,,,,,19-11-2020,,,643579,6294,63,6224,54811,455492,196492,0,,,,,,,,,
MP,Niwari,,,,,,,,,,,,,,,,,,,,,,,,,29-11-2020,,,,3715,48,3654,22574,,,0,,,,,,,,,
MP,Raisen,,,,,39,222,,,,,,,,,,,,,1644,22044,,,,,29-11-2020,,,1331699,9238,194,9030,44343,885585,333022,0,,,,,,,,,
MP,Ratlam,,,,,14,251,,,,,,,,,,,,,1894,51080,,,,,29-11-2020,,,1454483,17860,385,17438,51736,1026416,457972,0,,,,,,,,,
MP,Sehore,,,,,5,256,,,,,,,,,,,,,2325,32101,,,,,29-11-2020,,,1311008,10136,73,10057,45061,909045,396375,0,,,,,,,,,
MP,Sheopur,,,,,236,1788,,,,,,,,,,,,,1338,16952,,,,,29-11-2020,,,687952,4000,78,3919,31449,413195,140296,0,,,,,,,,,
MP,Tikamgarh,,,,,60,297,,,,,,,,,,,,,3331,24497,,,,,29-11-2020,,,1444920,6863,114,6742,43011,919592,293885,0,,,,,,,,,
MP,Dhar,1,,,,39,306,1,6,,,,,,6,7,,,,5034,83699,7,,,,12/02/2020,,,2184672,12572,130,12388,62597,1371226,536214,14,,,,,,,,,
MP,Harda,,,,,14,210,,,,,,,,,,,,,1075,24810,,,,,12/02/2020,,,570302,5055,96,4954,36708,394641,159293,0,,,,,,,,,
MP,Datia,,,,,521,10316,,,,,,,,,,,,,1963,45226,,,,,12/04/2020,,,786375,6959,78,6874,40322,560238,296233,0,,,,,,,,,
MP,Guna,,,,,630,5023,,,,,,,,,,,,,3347,32837,,,,,12/04/2020,,,1240938,5132,44,5085,40229,821399,284155,0,,,,,,,,,
MP,Gwalior,,,,,531,1715,,,,,,,,,2,,,,8800,41193,2,,,,12/04/2020,,,2030543,53106,633,52427,206696,1452149,730150,2,,,,,,,,,
MP,Hoshangabad,,,,,10,206,,,,,,,,,,,,,1498,39507,,,,,12/04/2020,,,1240975,10688,99,10570,46294,865566,369945,0,,,,,,,,,
MP,Jhabua,,,,,50,222,,1,,,,,,1,1,,,,3578,21040,1,,,,12/04/2020,,,1024091,7691,64,7619,52146,607542,185320,2,,,,,,,,,
MP,Mandsaur,,,,,4,130,,,,,,,,,,,,,2058,37337,,,,,12/04/2020,,,1339832,8637,84,8552,52733,948065,330902,0,,,,,,,,,
MP,Neemuch,,,,,16,359,,,,,,,,,,,,,970,17955,,,,,12/04/2020,,,825958,7926,84,7828,57292,579489,229183,0,,,,,,,,,
MP,Rajgarh,1,,,,10,144,1,7,,,,,,7,1,,,,2483,41531,1,,,,12/04/2020,,,1546541,8729,172,8490,46604,1025584,450099,9,,,,,,,,,
MP,Vidisha,,,,,11,253,,1,,,,,,1,,,,,1222,26130,,,,,12/04/2020,,,1458212,11922,237,11677,65935,975291,349024,1,,,,,,,,,
MP,Chhatarpur,,,,,56,1310,,1,,,,,,1,,,,,3103,27937,,,,,12/09/2020,,,1762857,7609,91,7506,50518,1093616,336309,1,,,,,,,,,
MP,Katni,,,,,57,879,,,,,,,,,,,,,2926,42360,,,,,18-12-2020,,,1291684,9366,120,9242,56828,865274,306259,0,,,,,,,,,
MP,Narsinghpur,,,,,10,224,,1,,,,,,1,5,,,,1266,34365,5,,,,30-01-2021,,,1092141,11209,81,11115,90600,803225,318284,6,,,,,,,,,
MP,Ashoknagar,,,,,10,131,,,,,,,,,,,,,1258,17334,,,,,31-01-2021,,,844979,3670,57,3613,55792,550087,186066,0,,,,,,,,,
MP,Betul,,,,,22,547,,1,,,,,,1,1,,,,2361,31953,1,,,,31-01-2021,,,1575247,12905,277,12590,68036,1042931,343674,2,,,,,,,,,
MP,Chhindwara,,,,,18,261,,,,,,,,,2,,,,4654,93453,2,,,,31-01-2021,,,2090306,6734,120,6612,79090,1624355,591843,2,,,,,,,,,
MP,Dewas,,,,,11,386,,,,,,,,,,,,,1804,22992,,,,,31-01-2021,,,1563107,7723,51,7672,96155,1005266,477219,0,,,,,,,,,
MP,Indore,8,,,,76,894,8,8,,,,,,8,39,,,,4233,45203,39,,,,31-01-2021,,,3272335,153230,1391,151410,780266,2951024,1728945,55,,,,,,,,,
MP,Jabalpur,,,,,726,19681,,2,,,,,,2,3,,,,5968,156306,3,,,,02/01/2021,,,2460714,50779,670,49896,293923,1957070,1099359,5,,,,,,,,,
MP,Morena,,,,,50,1667,,,,,,,,,,,,,2814,112629,,,,,02/01/2021,,,1965137,8236,95,8135,90967,1295658,582833,0,,,,,,,,,
MP,Shajapur,,,,,43,851,,,,,,,,,,,,,1971,51596,,,,,02/01/2021,,,1512353,6349,74,6273,56805,620316,278912,0,,,,,,,,,
MP,Agar Malwa,,,,,12,107,,,,,,,,,,,,,965,16911,,,,,02/01/2021,,,,3303,68,3235,,424846,128822,0,,,,,,,,,
MP,Alirajpur,,,,,10,40,,,,,,,,,,,,,921,8076,,,,,02/01/2021,,,728677,3505,48,3453,,369571,114601,0,,,,,,,,,
MP,Mandla,,,,,6,72,,,,,,,,,,,,,2286,53670,,,,,02/01/2021,,,1053522,5188,25,5159,,684882,246724,0,,,,,,,,,
MP,Panna,,,,,144,985,,,,,,,,,,,,,2633,18657,,,,,02/01/2021,,,1016028,7331,63,7250,,600823,168120,0,,,,,,,,,
MP,Raigarh,,,,,,,,,,,,,,,,,,,,,,,,,02/01/2021,,,,1,,,,,,0,,,,,,,,,
MP,Singrauli,,,,,43,305,,,,,,,,,1,,,,3052,21200,1,,,,02/01/2021,,,1178132,8801,82,8706,,740335,224966,1,,,,,,,,,
MP,Unknown,,,8,,,,,,,,,,,,,1,74,,,,,,,,,,,,1416,1493,1632,,,,0,,,,,,,,,
MZ,Aizawl,361,1,365,,,,361,3869,,,,,,3869,1996,6,3014,,443,3740,1996,,,,27/11/2020,,,404054,75111,300,71337,,315706,239593,6226,,,,,,,,,
MZ,Champhai,33,,40,,,,33,407,,,,,,407,299,3,319,,344,572,299,,,,01/12/2020,,,125370,5188,11,4745,,74122,55251,739,,,,,,,,,
MZ,Hnahthial,1,,29,,,,1,136,,,,,,136,143,,185,,,,143,,,,05/12/2020,,,,1020,3,857,,,,280,,,,,,,,,
MZ,Khawzawl,2,,,,,,2,33,,,,,,33,42,,26,,,,42,,,,09/12/2020,,,,733,,688,,,,77,,,,,,,,,
MZ,Kolasib,10,,2,,,,10,165,,,,,,165,94,,154,,153,738,94,,,,13/12/2020,,,83054,7721,30,7561,,50525,33101,269,,,,,,,,,
MZ,Lawngtlai,14,,13,,129,,14,274,,,,,,274,98,1,245,,2765,1838,98,,,,17/12/2020,,,117444,6740,23,6553,,55877,25870,386,,,,,,,,,
MZ,Lunglei,71,,36,,,,71,642,,,,,,642,662,1,507,,263,1493,662,,,,21/12/2020,,,154094,9842,27,9053,,95129,73298,1375,,,,,,,,,
MZ,Mamit,19,,,,,,19,308,,,,,,308,241,5,265,,228,1322,241,,,,25/12/2020,,,85757,4854,12,4448,,43678,28873,568,,,,,,,,,
MZ,Saiha,,1,37,,,39,,420,,,,,,420,107,5,345,,68,1116,107,,,,29/12/2020,,,56366,5469,14,5304,,34626,19984,527,,,,,,,,,
MZ,Saitual,3,,21,,,,3,28,,,,,,28,30,,53,,,,30,,,,02/01/2021,,,,471,2,420,,,,61,,,,,,,,,
MZ,Serchhip,65,,67,,,,65,488,,,,,,488,386,,572,,36,431,386,,,,06/01/2021,,,64875,4210,10,3646,,41932,36047,939,,,,,,,,,
NL,Dimapur,3,1,13,,-1,2,3,74,,,,,,74,68,2,73,,2827,12731,68,,,,12/11/2020,,,379769,14684,421,13471,47020,268405,175502,145,,,,,,,,,
NL,Kiphire,,,,,61,124,,,,,,,,,2,,1,,116,357,2,,,,12/11/2020,,,74033,258,9,246,1002,13017,8141,2,,,,,,,,,
NL,Kohima,4,,,,,,4,33,,,,,,33,23,,24,,509,3038,23,,,,12/11/2020,,,270063,9461,123,9095,33986,105758,82602,60,,,,,,,,,
NL,Longleng,,,,,,,,8,,,,,,8,,,7,,26,181,,,,,12/11/2020,,,50593,307,2,286,1193,20577,15446,8,,,,,,,,,
NL,Mokokchung,3,,2,,,,3,7,,,,,,7,23,2,5,,146,2026,23,,,,12/11/2020,,,193171,2333,54,2186,3976,69198,54730,33,,,,,,,,,
NL,Mon,,,,,20,28,,,,,,,,,1,,,,243,1864,1,,,,12/11/2020,,,259604,1159,14,1124,12278,70054,48331,1,,,,,,,,,
NL,Peren,,,,,1,29,,5,,,,,,5,1,,1,,189,613,1,,,,12/11/2020,,,163294,920,6,897,5717,19956,12514,6,,,,,,,,,
NL,Phek,,,,,21,168,,5,,,,,,5,4,,1,,99,496,4,,,,12/11/2020,,,163294,601,18,568,2779,31241,20746,9,,,,,,,,,
NL,Tuensang,1,,6,,41,122,1,28,,,,,,28,2,1,28,,106,525,2,,,,12/11/2020,,,414801,1094,12,1077,4887,38130,26725,31,,,,,,,,,
NL,Wokha,,,,,11,232,,2,,,,,,2,6,,4,,122,1074,6,,,,12/11/2020,,,166239,402,11,361,1390,35138,23577,8,,,,,,,,,
NL,Zunheboto,,,,,36,106,,,,,,,,,,1,,,331,807,,,,,12/11/2020,,,141014,623,15,593,2131,38077,22337,0,,,,,,,,,
OR,Balasore,5,,14,,929,519,5,94,,,,,,94,67,1,80,,78274,35314,67,,,,17-05-2020,,,2317419,40787,299,40389,9843,1351099,534318,166,,,,,,,,,
OR,Boudh,,,,,496,1585,,3,,,,,,3,,,4,,7009,16754,,,,,17-05-2020,,,439917,12634,112,12488,496,259325,92297,3,,,,,,,,,
OR,Cuttack,54,,29,,2729,1129,54,326,,,,,,326,277,1,304,,75381,45717,277,,,,17-05-2020,,,2618708,94631,857,93404,5720,1434524,702278,657,,,,,,,,,
OR,Deogarh,2,,3,,1,136,2,4,,,,,,4,41,,10,,1126,4779,41,,,,17-05-2020,,,312164,6553,50,6460,682,223405,63727,47,,,,,,,,,
OR,Gajapati,5,,,,296,1193,5,11,,,,,,11,15,,11,,4770,10942,15,,,,17-05-2020,,,575880,9657,84,9555,715,288963,115535,31,,,,,,,,,
OR,Jharsuguda,3,,,,,,3,11,,,,,,11,13,,10,,7187,14725,13,,,,17-05-2020,,,579499,23863,176,23673,1663,399523,189682,27,,,,,,,,,
OR,Kalahandi,2,,,,1476,537,2,5,,,,,,5,15,,1,,38214,26926,15,,,,17-05-2020,,,1573054,24314,210,24082,1458,921185,304778,22,,,,,,,,,
OR,Kandhamal,,,,,847,529,,2,,,,,,2,,,5,,12881,12319,,,,,17-05-2020,,,731952,11537,83,11453,1516,384009,150737,2,,,,,,,,,
OR,Koraput,1,,2,,935,2024,1,23,,,,,,23,11,,20,,13011,35701,11,,,,17-05-2020,,,1376934,19137,78,19044,1401,860773,399063,35,,,,,,,,,
OR,Malkangiri,,,3,,2497,2000,,2,,,,,,2,2,,4,,13449,16141,2,,,,17-05-2020,,,612727,11667,49,11613,1841,391790,137925,4,,,,,,,,,
OR,Mayurbhanj,19,1,8,,2985,654,19,129,,,,,,129,126,5,93,,86170,36315,126,,,,17-05-2020,,,2513895,40844,286,40416,3307,1222153,413698,274,,,,,,,,,
OR,Nayagarh,2,,3,,29,117,2,33,,,,,,33,28,1,24,,7145,22575,28,,,,17-05-2020,,,962215,23505,212,23261,1104,593612,222606,63,,,,,,,,,
OR,Nuapada,1,,3,,6,58,1,11,,,,,,11,36,,5,,3391,14721,36,,,,17-05-2020,,,606490,22924,84,22803,310,402248,129685,48,,,,,,,,,
OR,Rayagada,6,,3,,537,2019,6,14,,,,,,14,18,,16,,5781,16558,18,,,,17-05-2020,,,961959,20224,167,19981,578,549767,184420,38,,,,,,,,,
OR,Sambalpur,13,,24,,574,1479,13,62,,,,,,62,88,,113,,8960,31518,88,,,,17-05-2020,,,1044410,31651,240,31315,2007,768989,418110,163,,,,,,,,,
OR,Jajpur,9,,8,,2,9,9,76,,,,,,76,75,,73,,30726,37471,75,,,,23-08-2020,,,1826275,43735,172,43461,53956,1087735,383313,160,,,,,,,,,
OR,Jagatsinghpur,9,,12,,-2,2,9,72,,,,,,72,76,1,78,,28276,25051,76,,,,15-09-2020,,,1136604,27920,316,27510,46648,677675,272499,157,,,,,,,,,
OR,Balangir,,,,,,,,17,,,,,,17,4,,15,,20119,39059,4,,,,10/11/2020,,,1648574,23397,126,23257,87867,960786,299153,21,,,,,,,,,
OR,Kendrapara,8,,8,,1452,1179,8,88,,,,,,88,62,1,52,,28635,34297,62,,,,19-10-2020,,,1439891,24860,252,24545,382732,916169,347854,158,,,,,,,,,
OR,Puri,15,1,7,,2991,6548,15,91,,,,,,91,68,1,69,,25187,40854,68,,,,12/01/2020,,,1697983,45431,459,44903,173340,1078666,523160,174,,,,,,,,,
OR,Nabarangapur,,,,,,,,6,,,,,,6,1,,2,,13213,18025,1,,,,25-01-2021,,,1218762,23549,86,23461,162154,675601,188457,7,,,,,,,,,
OR,Angul,1,,3,,9,38,1,18,,,,,,18,16,2,20,,21629,23378,16,,,,27-01-2021,,,1271703,43920,393,43506,172873,786278,291800,35,,,,,,,,,
OR,Bhadrak,3,,7,,,17,3,32,,,,,,32,44,1,39,,14511,38206,44,,,,31-01-2021,,,1506522,26480,150,26260,258173,1026493,367945,79,,,,,,,,,
OR,Dhenkanal,5,,,,92,104,5,14,,,,,,14,25,,16,,18302,23327,25,,,,31-01-2021,,,1192948,19871,243,19598,179477,738406,282859,44,,,,,,,,,
OR,Ganjam,8,,2,,438,1848,8,25,,,,,,25,22,,18,,27002,112716,22,,,,31-01-2021,,,3520151,33849,485,33342,750442,2214981,1698328,55,,,,,,,,,
OR,Kendujhar,1,,2,,483,613,1,20,,,,,,20,4,2,3,,25529,46488,4,,,,02/01/2021,,,1802777,20980,175,20798,474504,1087285,376311,25,,,,,,,,,
OR,Bargarh,,,1,,169,30,,18,,,,,,18,18,,16,,52192,32028,18,,,,02/01/2021,,,1478833,31126,335,30762,,829092,283966,36,,,,,,,,,
OR,Khordha,250,2,243,,568,1482,250,1704,,,,,,1704,1492,8,1654,,34733,49859,1492,,,,02/01/2021,,,2246341,175335,1552,171938,,2063646,1502538,3446,,,,,,,,,
OR,State Pool,53,,57,,,,53,407,,,,,,407,338,,401,,,,338,,,,02/01/2021,,,,32048,,31587,,,,798,,,,,,,,,
OR,Subarnapur,,,,,,,,5,,,,,,5,5,,3,,8102,31803,5,,,,02/01/2021,,,652107,13187,61,13115,,418336,192102,10,,,,,,,,,
OR,Sundargarh,13,,8,,824,340,13,58,,,,,,58,59,,71,,19935,22587,59,,,,02/01/2021,,,2080664,61841,594,61167,,1122762,490428,130,,,,,,,,,
PB,Amritsar,4,,1,,232,251,4,8,,,,,,8,23,2,9,,23376,18084,23,,,,09/02/2020,,,2490891,47379,1598,45757,89227,1263073,446487,35,,,,,,,,,
PB,Faridkot,1,,1,,154,241,1,7,,,,,,7,7,,7,,3048,4201,7,,,,09/02/2020,,,618008,13927,315,13602,23635,330654,128653,15,,,,,,,,,
PB,Kapurthala,,,,,93,174,,8,,,,,,8,2,,7,,5387,6146,2,,,,09/02/2020,,,817668,17852,556,17294,38658,465285,187476,10,,,,,,,,,
PB,Mansa,,,,,128,166,,1,,,,,,1,,,1,,5340,4111,,,,,09/02/2020,,,768808,15606,380,15226,26878,372366,89830,1,,,,,,,,,
PB,Pathankot,6,,1,,52,278,6,14,,,,,,14,20,,7,,1762,6090,20,,,,09/02/2020,,,626154,18814,419,18373,29112,424889,196822,40,,,,,,,,,
PB,S.A.S. Nagar,3,,5,,95,425,3,27,,,,,,27,18,,21,,4914,9234,18,,,,09/02/2020,,,986147,68821,1068,67726,41532,872096,402212,48,,,,,,,,,
PB,Fazilka,1,,1,,249,177,1,6,,,,,,6,8,,4,,8408,5707,8,,,,12/10/2020,,,1180483,20271,528,19729,63589,490080,131519,15,,,,,,,,,
PB,Sri Muktsar Sahib,,,,,91,149,,,,,,,,,2,,,,3942,5830,2,,,,12/12/2020,,,902702,18784,524,18257,67979,473193,142901,2,,,,,,,,,
PB,Tarn Taran,,,,,251,127,,3,,,,,,3,,,3,,8846,8145,,,,,18-12-2020,,,1120070,8043,380,7659,111446,597303,178839,3,,,,,,,,,
PB,Sangrur,1,,1,,219,157,1,3,,,,,,3,3,,3,,13224,9058,3,,,,19-12-2020,,,1654408,15762,875,14884,166332,730511,218820,7,,,,,,,,,
PB,Barnala,,,,,629,291,,2,,,,,,2,2,,,,9552,5253,2,,,,20-12-2020,,,596294,5950,244,5696,63447,328464,104197,4,,,,,,,,,
PB,Bathinda,1,,,,110,182,1,10,,,,,,10,15,,8,,8246,6940,15,,,,20-12-2020,,,1388859,41728,1042,40668,118489,623604,202311,26,,,,,,,,,
PB,Fatehgarh Sahib,,,,,9,17,,2,,,,,,2,2,1,1,,2513,4804,2,,,,20-12-2020,,,599814,8876,335,8538,68436,354921,135247,4,,,,,,,,,
PB,Ferozepur,4,,3,,130,73,4,6,,,,,,6,13,,9,,4483,4723,13,,,,20-12-2020,,,2026831,14347,504,13832,74880,476343,128043,23,,,,,,,,,
PB,Gurdaspur,,,,,459,351,,1,,,,,,1,3,1,3,,18212,26825,3,,,,20-12-2020,,,2299026,22381,801,21576,249039,862133,415351,4,,,,,,,,,
PB,Hoshiarpur,2,1,2,,87,211,2,12,,,,,,12,10,2,12,,6567,17487,10,,,,20-12-2020,,,1582793,30822,986,29828,221261,1000636,574716,24,,,,,,,,,
PB,Jalandhar,1,,1,,167,507,1,14,,,,,,14,20,1,12,,13877,22309,20,,,,20-12-2020,,,2181753,63396,1496,61864,443735,1433553,681370,35,,,,,,,,,
PB,Ludhiana,,,4,,327,276,,15,,,,,,15,16,1,24,,41184,30055,16,,,,20-12-2020,,,3487882,87608,2106,85484,514691,2473646,943401,31,,,,,,,,,
PB,Moga,,,,,9,7,,2,,,,,,2,1,,8,,5076,6757,1,,,,20-12-2020,,,992289,8675,233,8440,77307,541556,178908,3,,,,,,,,,
PB,Patiala,,,2,,239,526,,12,,,,,,12,6,,15,,7659,10721,6,,,,20-12-2020,,,2892282,48927,1358,47561,273344,1051467,396473,18,,,,,,,,,
PB,Rupnagar,2,,3,,88,202,2,3,,,,,,3,20,,7,,1965,5708,20,,,,20-12-2020,,,683349,12963,423,12517,97745,384637,182919,25,,,,,,,,,
PB,Shahid Bhagat Singh Nagar,,,,,54,78,,3,,,,,,3,1,,1,,2473,4917,1,,,,20-12-2020,,,614362,11469,388,11080,77715,392113,172294,4,,,,,,,,,
PY,Karaikal,6,,9,,2,22,6,69,,,,,,69,53,,63,,763,2980,53,,,,27-01-2021,,,200222,16488,250,16150,73142,111152,57491,128,,,,,,,,,
PY,Mahe,10,,10,,,,10,44,,,,,,44,58,,46,,109,1003,58,,,,27-01-2021,,,41816,5867,47,5744,42415,34018,25943,112,,,,,,,,,
PY,Puducherry,22,,25,,159,477,22,218,,,,,,218,163,,202,,7191,15005,163,,,,27-01-2021,,,950289,98885,1453,97171,425639,558708,305464,403,,,,,,,,,
PY,Yanam,,,1,,8,31,,12,,,,,,12,4,,4,,259,1082,4,,,,27-01-2021,,,55626,6773,107,6661,26727,30079,15489,16,,,,,,,,,
RJ,Ajmer,,,,,110,1101,,5,,,,,,5,6,,8,,9133,56199,6,,,,02/01/2021,,,2584913,37769,410,37352,261215,1752308,1042482,11,,,,,,,,,
RJ,Alwar,,,,,376,1002,,,,,,,,,,,,,21681,29417,,,,,02/01/2021,,,3671999,59694,307,59387,291879,2237787,1029095,0,,,,,,,,,
RJ,Banswara,,,,,986,1105,,,,,,,,,,,,,10612,22206,,,,,02/01/2021,,,1798194,10005,104,9901,48781,1024293,525793,0,,,,,,,,,
RJ,Baran,,,,,44,212,,,,,,,,,1,,,,6599,15157,1,,,,02/01/2021,,,1223921,11996,61,11934,46168,763006,297741,1,,,,,,,,,
RJ,Barmer,,,,,64,247,,,,,,,,,1,,,,5670,16673,1,,,,02/01/2021,,,2604453,15563,185,15377,113868,1455732,621465,1,,,,,,,,,
RJ,Bharatpur,,,,,59,176,,,,,,,,,,,,,10069,22595,,,,,02/01/2021,,,2549121,19601,260,19341,201441,1351114,590401,0,,,,,,,,,
RJ,Bhilwara,,,,,161,1752,,,,,,,,,,,,,5405,26146,,,,,02/01/2021,,,2410459,29781,156,29625,148764,1525323,723691,0,,,,,,,,,
RJ,Bikaner,,,1,,76,275,,7,,,,,,7,2,,1,,6565,17712,2,,,,02/01/2021,,,2367745,40339,545,39792,278302,1461174,714590,9,,,,,,,,,
RJ,Bundi,,,,,424,1216,,,,,,,,,,,,,12488,24243,,,,,02/01/2021,,,1113725,7967,48,7919,58167,709316,362835,0,,,,,,,,,
RJ,Chittorgarh,,,,,21,43,,,,,,,,,,,,,6118,29167,,,,,02/01/2021,,,1544392,19809,139,19670,116002,978713,482350,0,,,,,,,,,
RJ,Churu,,,,,5,32,,,,,,,,,,,,,5483,26038,,,,,02/01/2021,,,2041172,16720,107,16613,131700,1301558,582443,0,,,,,,,,,
RJ,Dausa,,,,,182,1072,,,,,,,,,,,,,5627,29672,,,,,02/01/2021,,,1637226,13351,62,13289,61680,941513,395584,0,,,,,,,,,
RJ,Dholpur,,,1,,45,83,,1,,,,,,1,,,2,,4270,11868,,,,,02/01/2021,,,1207293,11010,48,10962,121308,660103,279501,1,,,,,,,,,
RJ,Dungarpur,,,,,90,246,,,,,,,,,,,,,6673,19241,,,,,02/01/2021,,,1388906,18407,131,18276,121917,737200,349762,0,,,,,,,,,
RJ,Ganganagar,,,,,749,1957,,,,,,,,,1,,,,11153,29478,1,,,,02/01/2021,,,1969520,19354,150,19203,80706,1278952,525137,1,,,,,,,,,
RJ,Hanumangarh,,,,,72,478,,,,,,,,,,,,,5057,30733,,,,,02/01/2021,,,1779650,16053,111,15942,82542,1230511,588688,0,,,,,,,,,
RJ,Jaipur,2,,,,570,1871,2,9,,,,,,9,16,,9,,24518,63582,16,,,,02/01/2021,,,6663971,187804,1970,185816,968783,4582410,2189042,27,,,,,,,,,
RJ,Jaisalmer,,,,,199,474,,,,,,,,,,,,,2951,9700,,,,,02/01/2021,,,672008,13639,66,13573,80082,416014,194163,0,,,,,,,,,
RJ,Jalore,,,,,309,738,,,,,,,,,,,,,9304,26896,,,,,02/01/2021,,,1830151,10067,72,9995,184172,987519,393953,0,,,,,,,,,
RJ,Jhalawar,,,,,359,2133,,1,,,,,,1,,,,,2527,16443,,,,,02/01/2021,,,1411327,13612,187,13425,97163,922646,363082,1,,,,,,,,,
RJ,Jhunjhunu,,,,,267,1682,,,,,,,,,,,,,7946,42099,,,,,02/01/2021,,,2139658,14811,158,14653,123433,1449967,787196,0,,,,,,,,,
RJ,Jodhpur,,,,,26,93,,2,,,,,,2,,,3,,7707,22507,,,,,02/01/2021,,,3685681,112412,1103,111308,600959,2263325,1036743,2,,,,,,,,,
RJ,Karauli,,,,,1578,993,,,,,,,,,,,,,19063,20813,,,,,02/01/2021,,,1458459,7156,70,7086,64481,813922,395700,0,,,,,,,,,
RJ,Kota,,,,,170,2306,,,,,,,,,,,,,2612,26626,,,,,02/01/2021,,,1950491,57053,449,56603,355509,1269245,655588,0,,,,,,,,,
RJ,Nagaur,,,,,636,3335,,,,,,,,,,,,,6806,36157,,,,,02/01/2021,,,3309234,17737,177,17560,229822,2077555,1016874,0,,,,,,,,,
RJ,Pali,,,,,704,3089,,1,,,,,,1,,,1,,7082,26853,,,,,02/01/2021,,,2038533,27324,287,27037,179463,1200554,513058,1,,,,,,,,,
RJ,Pratapgarh,,,,,39,298,,,,,,,,,,,,,1130,25717,,,,,02/01/2021,,,868231,7143,63,7080,52208,655140,345189,0,,,,,,,,,
RJ,Rajsamand,,,,,345,988,,,,,,,,,,,,,4092,14945,,,,,02/01/2021,,,1158283,17044,169,16875,91975,691497,299553,0,,,,,,,,,
RJ,Sawai Madhopur,,,,,268,844,,2,,,,,,2,,,2,,8475,18843,,,,,02/01/2021,,,1338114,10618,61,10557,84683,756544,347992,2,,,,,,,,,
RJ,Sikar,,,,,39,130,,,,,,,,,,,,,4520,20308,,,,,02/01/2021,,,2677737,30618,335,30283,165042,1838263,821713,0,,,,,,,,,
RJ,Sirohi,,,,,480,589,,,,,,,,,,,,,9007,15482,,,,,02/01/2021,,,1037185,13732,79,13653,84616,610090,348789,0,,,,,,,,,
RJ,Tonk,,,,,48,268,,,,,,,,,,,,,2623,16223,,,,,02/01/2021,,,1421711,9498,92,9406,74225,884688,419023,0,,,,,,,,,
RJ,Udaipur,,,,,1169,2727,,3,,,,,,3,,,,,16803,51655,,,,,02/01/2021,,,3067549,56405,753,55652,251522,1715072,854773,3,,,,,,,,,
RJ,BSF Camp,,,,,,,,,,,,,,,,,,,,,,,,,02/01/2021,,,,85,,85,,,,0,,,,,,,,,
RJ,Evacuees,,,,,,,,,,,,,,,,,,,,,,,,,02/01/2021,,,,61,,61,,,,0,,,,,,,,,
RJ,Italians,,,,,,,,,,,,,,,,,,,,,,,,,02/01/2021,,,,2,,2,,,,0,,,,,,,,,
RJ,Other State,,,,,,,,,,,,,,,,,,,,,,,,,02/01/2021,,,,189,39,150,,,,0,,,,,,,,,
SK,East Sikkim,,,,,,,,,,,,,,,,,,,528,10519,,,,,17/12/2020,,,281293,,,,,263526,229361,0,,,,,,,,,
SK,North Sikkim,,,,,,,,,,,,,,,,,,,23,447,,,,,24/12/2020,,,43354,,,,,33137,27820,0,,,,,,,,,
SK,South Sikkim,,,,,,,,,,,,,,,,,,,164,2223,,,,,31/12/2020,,,146742,,,,,121481,105432,0,,,,,,,,,
SK,Unknown,21,1,8,,,,21,82,,,,,,82,79,2,76,,,,79,,,,07/01/2021,,,,31979,396,31063,,,,182,,,,,,,,,
SK,West Sikkim,,,,,,,,,,,,,,,,,,,67,855,,,,,14/01/2021,,,136299,,,,,103619,88896,0,,,,,,,,,
TG,Adilabad,,,,,165,138,,,,,,,,,,,,,11894,12694,,,,,,,,708952,,,,,376263,89337,0,,,,,,,,,
TG,Bhadradri Kothagudem,,,,,1570,1314,,,,,,,,,,,,,30988,31905,,,,,,,,1304811,,,,,599183,204318,0,,,,,,,,,
TG,Hyderabad,,,,,3334,5427,,,,,,,,,,,,,48855,123025,,,,,,,,3441992,,,,,3150245,1893217,0,,,,,,,,,
TG,Jagtial,,,,,,,,,,,,,,,,,,,50253,17153,,,,,,,,983414,,,,,580926,190526,0,,,,,,,,,
TG,Jangaon,,,,,2637,363,,,,,,,,,,,,,20821,11508,,,,,,,,582457,,,,,327527,128207,0,,,,,,,,,
TG,Jayashankar Bhupalapally,,,,,125,262,,,,,,,,,,,,,4191,23712,,,,,,,,712257,,,,,262313,127108,0,,,,,,,,,
TG,Jogulamba Gadwal,,,,,496,253,,,,,,,,,,,,,23908,6281,,,,,,,,664971,,,,,306919,59886,0,,,,,,,,,
TG,Kamareddy,,,,,320,78,,,,,,,,,,,,,14692,16918,,,,,,,,972625,,,,,557684,183176,0,,,,,,,,,
TG,Karimnagar,,,,,65,486,,,,,,,,,,,,,12731,45384,,,,,,,,1016063,,,,,657167,384862,0,,,,,,,,,
TG,Khammam,,,,,789,1134,,,,,,,,,,,,,41893,68994,,,,,27/11/2020,,,1401639,,,,,856707,333812,0,,,,,,,,,
TG,Komaram Bheem,,,,,569,136,,,,,,,,,,,,,17465,4048,,,,,05/12/2020,,,515835,,,,,275644,51593,0,,,,,,,,,
TG,Mahabubabad,,,,,3715,1107,,,,,,,,,,,,,36700,27419,,,,,13/12/2020,,,1318110,,,,,468199,172007,0,,,,,,,,,
TG,Mahabubnagar,,,,,609,184,,,,,,,,,,,,,32811,19635,,,,,21/12/2020,,,,,,,,482547,150640,0,,,,,,,,,
TG,Mancherial,,,,,65,27,,,,,,,,,,,,,22489,15600,,,,,29/12/2020,,,807037,,,,,480069,170258,0,,,,,,,,,
TG,Medak,,,,,704,589,,,,,,,,,,,,,34422,25162,,,,,06/01/2021,,,767428,,,,,458648,140778,0,,,,,,,,,
TG,Medchal Malkajgiri,,,,,5804,8370,,,,,,,,,,,,,54568,93893,,,,,14/01/2021,,,2542203,,,,,2149958,1317832,0,,,,,,,,,
TG,Mulugu,,,,,71,85,,,,,,,,,,,,,4190,10660,,,,,22/01/2021,,,294671,,,,,186104,76648,0,,,,,,,,,
TG,Nagarkurnool,,,,,730,18,,,,,,,,,,,,,30265,5469,,,,,30/01/2021,,,893308,,,,,464888,106589,0,,,,,,,,,
TG,Nalgonda,,,,,859,448,,,,,,,,,,,,,105864,33747,,,,,07/02/2021,,,1631399,,,,,891308,254218,0,,,,,,,,,
TG,Narayanpet,,,,,585,48,,,,,,,,,,,,,14266,3428,,,,,15/02/2021,,,566874,,,,,288388,50219,0,,,,,,,,,
TG,Nirmal,,,,,744,255,,,,,,,,,,,,,16044,8396,,,,,23/02/2021,,,709415,,,,,378315,130107,0,,,,,,,,,
TG,Nizamabad,,,,,276,42,,,,,,,,,,,,,67852,21328,,,,,03/03/2021,,,1534428,,,,,858574,250862,0,,,,,,,,,
TG,Peddapalli,,,,,79,40,,,,,,,,,,,,,18954,19908,,,,,11/03/2021,,,795332,,,,,463510,201940,0,,,,,,,,,
TG,Rajanna Sircilla,,,,,10,100,,,,,,,,,,,,,7398,17056,,,,,19/03/2021,,,546121,,,,,372065,144680,0,,,,,,,,,
TG,Ranga Reddy,,,,,217,1168,,,,,,,,,,,,,76853,93482,,,,,27/03/2021,,,2551731,,,,,2348542,1291404,0,,,,,,,,,
TG,Sangareddy,,,,,7628,3083,,,,,,,,,,,,,77693,32539,,,,,04/04/2021,,,1527628,,,,,851395,299316,0,,,,,,,,,
TG,Siddipet,,,,,197,187,,,,,,,,,,,,,35164,25015,,,,,12/04/2021,,,993376,,,,,582450,242462,0,,,,,,,,,
TG,Suryapet,,,,,20,1,,,,,,,,,,,,,38975,24793,,,,,20/04/2021,,,1099560,,,,,610724,208278,0,,,,,,,,,
TG,Vikarabad,,,,,111,12,,,,,,,,,,,,,20014,5848,,,,,28/04/2021,,,881250,,,,,427669,87989,0,,,,,,,,,
TG,Wanaparthy,,,,,243,119,,,,,,,,,,,,,13905,10313,,,,,06/05/2021,,,751553,,,,,289412,81870,0,,,,,,,,,
TG,Warangal Rural,,,,,2416,1350,,,,,,,,,,,,,25045,13208,,,,,14/05/2021,,,716457,,,,,342881,105289,0,,,,,,,,,
TG,Warangal Urban,,,,,42,101,,,,,,,,,,,,,21854,63907,,,,,22/05/2021,,,1135707,,,,,687410,418947,0,,,,,,,,,
TG,Yadadri Bhuvanagiri,,,,,4429,739,,,,,,,,,,,,,38752,28567,,,,,30/05/2021,,,726465,,,,,463854,223506,0,,,,,,,,,
TN,Ariyalur,5,,3,,1127,3941,5,51,,,,,,51,35,1,44,,19203,29689,35,,,,23-07-2020,,,752481,16854,261,16548,18285,475390,157166,91,,,,,,,,,
TN,Chengalpattu,83,2,93,,3145,3415,83,658,,,,,,658,627,5,706,,26704,39438,627,,,,23-07-2020,,,2556244,171777,2506,168327,51771,1337641,604784,1368,,,,,,,,,
TN,Coimbatore,120,1,126,,770,2853,120,965,,,,,,965,869,15,988,,20971,79387,869,,,,23-07-2020,,,3472578,246780,2416,243070,102107,2717202,1205484,1954,,,,,,,,,
TN,Cuddalore,16,,18,,9299,22186,16,141,,,,,,141,129,,132,,51773,101735,129,,,,23-07-2020,,,2600880,64085,867,62997,36434,1529591,646400,286,,,,,,,,,
TN,Dindigul,9,,7,,321,1040,9,64,,,,,,64,58,1,51,,19630,57260,58,,,,23-07-2020,,,2161367,33099,645,32348,27800,1236504,493453,131,,,,,,,,,
TN,Erode,68,2,94,,244,899,68,549,,,,,,549,477,4,573,,16741,46724,477,,,,23-07-2020,,,2259608,104303,686,102836,66240,1370925,552624,1094,,,,,,,,,
TN,Kallakurichi,14,,23,,4089,7322,14,112,,,,,,112,66,,118,,22603,52087,66,,,,23-07-2020,,,1370281,31364,210,31056,28314,696213,299822,192,,,,,,,,,
TN,Kancheepuram,30,,37,,679,1040,30,237,,,,,,237,225,2,259,,13961,24360,225,,,,23-07-2020,,,1166401,74970,1258,73386,37505,663206,250181,492,,,,,,,,,
TN,Kanyakumari,17,,12,,431,1276,17,132,,,,,,132,120,,102,,17732,51185,120,,,,23-07-2020,,,1863178,62362,1048,61112,79600,1100888,450620,269,,,,,,,,,
TN,Karur,20,,16,,74,834,20,80,,,,,,80,136,1,90,,5882,32339,136,,,,23-07-2020,,,1076588,24091,356,23523,17190,626136,289120,236,,,,,,,,,
TN,Krishnagiri,16,,19,,404,1731,16,141,,,,,,141,134,1,160,,15883,37027,134,,,,23-07-2020,,,1883731,43570,348,43036,14284,1040491,407695,291,,,,,,,,,
TN,Madurai,13,,17,,1060,2012,13,132,,,,,,132,99,3,122,,26340,42498,99,,,,23-07-2020,,,3991038,75215,1172,73853,97279,1500331,583138,244,,,,,,,,,
TN,Nagapattinam,16,1,20,,273,953,16,145,,,,,,145,97,10,121,,8662,23176,97,,,,23-07-2020,,,1614069,21074,346,20561,20984,813495,289588,258,,,,,,,,,
TN,Namakkal,43,,51,,168,442,43,376,,,,,,376,315,2,397,,12694,28265,315,,,,23-07-2020,,,1721179,52245,498,51253,24758,987830,397079,734,,,,,,,,,
TN,Nilgiris,20,2,25,,71,1092,20,197,,,,,,197,124,3,220,,1613,31952,124,,,,23-07-2020,,,735071,33566,212,33164,45839,501986,343811,341,,,,,,,,,
TN,Perambalur,2,,5,,383,2161,2,24,,,,,,24,26,,27,,4307,17440,26,,,,23-07-2020,,,564511,12067,243,11790,7981,326872,136491,52,,,,,,,,,
TN,Pudukkottai,12,,8,,554,2862,12,95,,,,,,95,75,2,68,,10691,34202,75,,,,23-07-2020,,,1918725,30183,416,29627,20835,827320,314780,182,,,,,,,,,
TN,Ramanathapuram,3,,6,,852,2329,3,59,,,,,,59,25,,55,,9961,32447,25,,,,23-07-2020,,,1337560,20564,357,20158,23389,660673,280037,87,,,,,,,,,
TN,Ranipet,14,,14,,506,485,14,85,,,,,,85,69,2,73,,10793,13744,69,,,,23-07-2020,,,1210277,43436,775,42557,20118,557267,174051,168,,,,,,,,,
TN,Salem,62,1,67,,396,2125,62,395,,,,,,395,427,3,442,,25814,66134,427,,,,23-07-2020,,,3480008,99893,1685,97619,79660,1925084,791376,884,,,,,,,,,
TN,Sivaganga,13,,9,,195,564,13,75,,,,,,75,82,,78,,10170,31816,82,,,,23-07-2020,,,1341250,20195,206,19854,25824,726010,287468,170,,,,,,,,,
TN,Tenkasi,4,,4,,291,446,4,13,,,,,,13,25,,14,,16935,21454,25,,,,23-07-2020,,,1407627,27357,484,26834,26338,736882,233177,42,,,,,,,,,
TN,Thanjavur,37,,59,,12155,2378,37,426,,,,,,426,310,6,428,,49025,31228,310,,,,23-07-2020,,,2402781,75352,972,73874,67445,1224986,486660,773,,,,,,,,,
TN,Theni,1,1,5,,379,1536,1,30,,,,,,30,15,1,23,,11199,33309,15,,,,23-07-2020,,,1243684,43571,521,43018,45839,660187,304832,46,,,,,,,,,
TN,Thiruvallur,28,,55,,2328,4382,28,421,,,,,,421,252,3,396,,25332,47695,252,,,,23-07-2020,,,3725697,119370,1842,117138,67948,1425728,563426,701,,,,,,,,,
TN,Thiruvarur,23,2,22,,291,624,23,242,,,,,,242,170,5,253,,13453,29614,170,,,,23-07-2020,,,1268094,41461,442,40760,67445,630274,246969,435,,,,,,,,,
TN,Thoothukkudi,11,1,9,,11497,1612,11,105,,,,,,105,85,1,90,,46323,22453,85,,,,23-07-2020,,,1738376,56304,409,55757,49288,984706,328797,201,,,,,,,,,
TN,Tirunelveli,11,1,13,,940,627,11,115,,,,,,115,93,1,125,,22582,19904,93,,,,23-07-2020,,,1665253,49374,432,48812,54208,815687,275985,219,,,,,,,,,
TN,Tirupathur,10,,8,,311,525,10,61,,,,,,61,50,,66,,11111,24743,50,,,,23-07-2020,,,1111812,29301,625,28600,23998,541496,205219,121,,,,,,,,,
TN,Tiruppur,69,1,53,,133,443,69,556,,,,,,556,504,5,537,,20414,50762,504,,,,23-07-2020,,,2471222,95405,979,93683,36301,1671392,611015,1129,,,,,,,,,
TN,Tiruvannamalai,18,,28,,4455,10228,18,142,,,,,,142,120,,158,,31415,73235,120,,,,23-07-2020,,,2468965,54968,667,54122,76170,1270049,533376,280,,,,,,,,,
TN,Vellore,12,,15,,953,1825,12,119,,,,,,119,117,1,139,,18978,31716,117,,,,23-07-2020,,,1614242,49864,1131,48564,47936,763735,336366,248,,,,,,,,,
TN,Viluppuram,10,,11,,12953,11812,10,84,,,,,,84,79,1,83,,53748,67153,79,,,,23-07-2020,,,2093003,45857,356,45382,52064,1085842,444502,173,,,,,,,,,
TN,Virudhunagar,5,,8,,1007,3437,5,45,,,,,,45,38,,45,,16628,50467,38,,,,23-07-2020,,,1943309,46294,548,45687,28620,1072788,505098,88,,,,,,,,,
TN,Tiruchirappalli,37,,49,,2445,892,37,331,,,,,,331,302,5,334,,32150,48874,302,,,,08/07/2020,,,2713858,77534,1059,76038,92586,1468456,636356,670,,,,,,,,,
TN,Dharmapuri,16,,21,,811,1674,16,177,,,,,,177,110,1,161,,13388,27153,110,,,,22-12-2020,,,1502900,28425,274,27957,163803,770955,279901,303,,,,,,,,,
TN,Chennai,118,4,143,,4126,8535,118,1162,,,,,,1162,880,12,1093,,52515,124932,880,,,,02/01/2021,,,7100000,554672,8546,544701,2667777,4532809,2671294,2160,,,,,,,,,
TN,Airport Quarantine,,,,,,,,3,,,,,,3,1,,1,,,,1,,,,02/01/2021,,,,2113,2,2107,,,,4,,,,,,,,,
TN,Mayiladuthurai,3,,10,,,,3,82,,,,,,82,41,,80,,,,41,,,,02/01/2021,,,901000,23280,316,22878,,,,126,,,,,,,,,
TN,Railway Quarantine,,,,,,,,,,,,,,,,,,,,,,,,,,,,,428,,428,,,,0,,,,,,,,,
TR,Dhalai,,,,,5,531,,,,,,,,,1,,2,,264,11234,1,,,,02/02/2021,,,377988,7037,35,7000,61582,258334,164654,1,,,,,,,,,
TR,Gomati,,,,,,1,,3,,,,,,3,8,,3,,319,9611,8,,,,02/02/2021,,,436868,8134,74,8043,47437,279099,161408,11,,,,,,,,,
TR,Khowai,2,,,,,,2,1,,,,,,1,3,,,,373,5866,3,,,,02/02/2021,,,327391,4559,54,4500,24046,202148,111955,6,,,,,,,,,
TR,North Tripura,2,,,,,,2,8,,,,,,8,4,,8,,352,4099,4,,,,02/02/2021,,,415946,7250,34,7199,100931,283802,190594,14,,,,,,,,,
TR,Sipahijala,,,,,,9,,2,,,,,,2,8,,4,,451,10397,8,,,,02/02/2021,,,484233,6360,75,6273,53067,330932,211903,10,,,,,,,,,
TR,South Tripura,1,,,,,1,1,1,,,,,,1,4,,1,,267,5639,4,,,,02/02/2021,,,433737,10168,53,10104,83030,303987,209259,6,,,,,,,,,
TR,Unokoti,1,,,,,5,1,1,,,,,,1,4,,3,,762,10307,4,,,,02/02/2021,,,277335,8609,68,8530,34930,173390,101178,6,,,,,,,,,
TR,West Tripura,6,,2,,5,13,6,33,,,,,,33,55,,41,,1366,17141,55,,,,02/02/2021,,,917534,32351,420,31817,202939,676784,470030,94,,,,,,,,,
UP,Lalitpur,,,,,4,8,,,,,,,,,1,,,,8010,13539,1,,,,08/07/2020,,,1218002,12742,128,12613,21781,627553,143519,1,,,,,,,,,
UP,Jhansi,1,,,,14,14,1,,,,,,,,1,,,,10719,25914,1,,,,26-11-2020,,,2000755,36556,663,35892,312540,1132511,379818,2,,,,,,,,,
UP,Bulandshahr,,,,,2,46,,,,,,,,,,1,,,18195,42644,,,,,12/07/2020,,,3498507,20215,243,19972,269090,1647985,646236,0,,,,,,,,,
UP,Lucknow,,,,,10826,11083,,15,,,,,,15,10,,10,,69404,107763,10,,,,13-12-2020,,,4588455,238839,2651,236165,1237583,3106658,1488333,25,,,,,,,,,
UP,Azamgarh,,,,,1764,3111,,,,,,,,,2,,,,41754,63205,2,,,,27-12-2020,,,4616509,17906,228,17675,12474,2165409,643824,2,,,,,,,,,
UP,Hapur,,,,,127,307,,,,,,,,,,,2,,15823,21964,,,,,01/03/2021,,,1338211,12638,217,12421,299725,658863,254519,0,,,,,,,,,
UP,Auraiya,,,,,,,,1,,,,,,1,,,,,6878,16443,,,,,01/10/2021,,,1372287,10090,203,9887,107079,614711,180775,1,,,,,,,,,
UP,Banda,,,,,486,432,,,,,,,,,1,,,,38560,36938,1,,,,01/10/2021,,,1799541,10992,158,10832,303185,795903,236840,1,,,,,,,,,
UP,Chitrakoot,,,,,329,536,,,,,,,,,,,,,13007,16383,,,,,01/10/2021,,,990626,7110,79,7031,234060,447303,129157,0,,,,,,,,,
UP,Etawah,,,,,873,984,,,,,,,,,,,,,52312,35349,,,,,01/10/2021,,,1579160,13933,293,13640,297761,708258,253661,0,,,,,,,,,
UP,Farrukhabad,,,,,81,439,,,,,,,,,1,,,,15703,28433,1,,,,01/10/2021,,,1887577,10348,194,10153,231856,833824,229745,1,,,,,,,,,
UP,Fatehpur,,,,,53,168,,,,,,,,,1,,,,13675,42615,1,,,,01/10/2021,,,2632684,6814,139,6674,82928,1246314,410120,1,,,,,,,,,
UP,Hamirpur,,,,,3,,,,,,,,,,,,,,11985,14350,,,,,01/10/2021,,,1104021,5232,102,5130,240382,561456,185949,0,,,,,,,,,
UP,Jalaun,,,,,18,30,,2,,,,,,2,3,,,,14119,21614,3,,,,01/10/2021,,,1670718,11687,202,11482,221719,819651,251406,5,,,,,,,,,
UP,Kannauj,,,,,82,431,,2,,,,,,2,,,,,24440,44639,,,,,01/10/2021,,,1658005,9231,114,9115,124019,755119,257048,2,,,,,,,,,
UP,Kanpur Dehat,,,,,47,85,,,,,,,,,,,,,27985,38783,,,,,01/10/2021,,,1795092,6197,110,6087,344697,923661,290898,0,,,,,,,,,
UP,Kanpur Nagar,,,,,38,96,,,,,,,,,3,,1,,64788,66517,3,,,,01/10/2021,,,4572951,82933,1905,81024,685820,2251558,859280,3,,,,,,,,,
UP,Mahoba,,,,,10,9,,,,,,,,,,,,,4765,8960,,,,,01/10/2021,,,876055,4268,86,4182,142992,444352,148388,0,,,,,,,,,
UP,Unnao,,,,,201,948,,,,,,,,,,,,,26506,41790,,,,,01/10/2021,,,3110595,15011,254,14757,298886,1554190,420513,0,,,,,,,,,
UP,Amroha,,,,,6,8,,,,,,,,,,,,,16080,23048,,,,,13-01-2021,,,1838771,16616,203,16412,254038,871164,265607,0,,,,,,,,,
UP,Bareilly,,,,,6458,255,,5,,,,,,5,1,,1,,68245,64148,1,,,,13-01-2021,,,4465344,44028,377,43650,465209,2221830,749751,6,,,,,,,,,
UP,Moradabad,,,1,,3951,2357,,,,,,,,,,,1,,52013,39070,,,,,13-01-2021,,,4773138,39102,349,38752,400459,1390249,443211,0,,,,,,,,,
UP,Pilibhit,,,,,2,1,,1,,,,,,1,,,,,9611,17989,,,,,13-01-2021,,,2037225,11032,193,10838,291538,978332,256931,1,,,,,,,,,
UP,Sambhal,,,,,1708,411,,,,,,,,,,,,,27630,23914,,,,,13-01-2021,,,2217020,9438,106,9331,309333,893786,204352,0,,,,,,,,,
UP,Shahjahanpur,,,,,3563,969,,,,,,,,,,,,,185421,79519,,,,,13-01-2021,,,3002376,20361,444,19916,437195,1743273,538827,0,,,,,,,,,
UP,Kaushambi,,,,,94,35,,,,,,,,,1,,,,38263,28403,1,,,,14-01-2021,,,1596909,4424,70,4353,207064,760960,218775,1,,,,,,,,,
UP,Pratapgarh,,,,,1796,1482,,1,,,,,,1,,,,,40603,47832,,,,,14-01-2021,,,3173752,16038,163,15875,100500,1480021,456869,1,,,,,,,,,
UP,Prayagraj,,,1,,17,48,,2,,,,,,2,1,,6,,75719,79660,1,,,,14-01-2021,,,5959798,78699,1088,77609,729300,2731341,862244,3,,,,,,,,,
UP,Rampur,,,,,3,1,,,,,,,,,2,,,,23526,28753,2,,,,16-01-2021,,,2335398,11826,148,11676,274288,989666,250420,2,,,,,,,,,
UP,Jaunpur,,,,,209,3689,,,,,,,,,,,2,,41689,67101,,,,,20-01-2021,,,4476072,22584,235,22349,322824,2189622,667013,0,,,,,,,,,
UP,Budaun,,,,,581,417,,,,,,,,,,,,,53729,43678,,,,,23-01-2021,,,3712738,14941,98,14843,224207,1408673,364360,0,,,,,,,,,
UP,Gautam Buddha Nagar,1,,2,,100,816,1,11,,,,,,11,6,,13,,22023,43162,6,,,,24-01-2021,,,1674714,63353,467,62876,675396,1799728,974353,18,,,,,,,,,
UP,Ghaziabad,1,,,,3698,4330,1,4,,,,,,4,3,,2,,47837,71692,3,,,,24-01-2021,,,4661452,55673,461,55207,712611,2247039,1071908,8,,,,,,,,,
UP,Muzaffarnagar,,,,,979,707,,1,,,,,,1,1,,,,15476,38924,1,,,,25-01-2021,,,4138605,31009,269,30737,161704,1264005,467387,2,,,,,,,,,
UP,Sitapur,,,,,81,197,,,,,,,,,,,,,33825,52112,,,,,28-01-2021,,,4474446,12398,185,12211,289473,2139996,497241,0,,,,,,,,,
UP,Mathura,,,,,63,164,,,,,,,,,1,,1,,10807,23027,1,,,,29-01-2021,,,2541894,20297,402,19893,198379,1207578,418117,1,,,,,,,,,
UP,Barabanki,,,,,11,44,,,,,,,,,1,,,,51121,59870,1,,,,30-01-2021,,,3257983,19850,225,19624,147422,1589704,448292,1,,,,,,,,,
UP,Bijnor,,,,,-1,1,,,,,,,,,,,,,27491,53680,,,,,30-01-2021,,,3683896,14794,126,14668,312985,1756682,600482,0,,,,,,,,,
UP,Hardoi,,,,,221,594,,,,,,,,,,,,,29546,66612,,,,,30-01-2021,,,4091380,13755,349,13406,224784,1852490,537647,0,,,,,,,,,
UP,Kushinagar,,,,,211,585,,,,,,,,,,,,,16785,46465,,,,,30-01-2021,,,3560830,15617,228,15389,314772,1632782,458054,0,,,,,,,,,
UP,Lakhimpur Kheri,,,,,1183,1370,,,,,,,,,1,,,,46453,51586,1,,,,30-01-2021,,,4013634,24410,292,24117,368533,1829019,382178,1,,,,,,,,,
UP,Rae Bareli,,,,,576,429,,1,,,,,,1,,,,,33906,46996,,,,,30-01-2021,,,3404004,17104,343,16761,387408,1436175,344694,1,,,,,,,,,
UP,Saharanpur,,,,,6,17,,1,,,,,,1,,,,,19216,33326,,,,,30-01-2021,,,3464228,32730,420,32309,266387,1638111,576986,1,,,,,,,,,
UP,Agra,,,,,178,265,,3,,,,,,3,,,2,,23657,42953,,,,,31-01-2021,,,4380793,25765,457,25308,491361,2172907,746386,3,,,,,,,,,
UP,Aligarh,,,,,9,25,,2,,,,,,2,,,,,34650,57576,,,,,31-01-2021,,,3673849,21280,108,21172,482825,1589498,498586,2,,,,,,,,,
UP,Ambedkar Nagar,,,,,138,145,,,,,,,,,1,,,,21528,32042,1,,,,31-01-2021,,,2398709,5040,152,4885,123151,1135268,349925,1,,,,,,,,,
UP,Amethi,,,,,165,11,,7,,,,,,7,,,2,,19777,37617,,,,,31-01-2021,,,2549935,9972,143,9828,267014,1015454,375261,7,,,,,,,,,
UP,Ayodhya,,,,,217,452,,,,,,,,,,,1,,26036,37279,,,,,31-01-2021,,,2468371,16919,290,16629,376735,1270889,418182,0,,,,,,,,,
UP,Baghpat,,,,,10,52,,,,,,,,,,,,,7829,24151,,,,,31-01-2021,,,1302156,9132,141,8991,327192,692255,337171,0,,,,,,,,,
UP,Bahraich,,,,,648,1565,,,,,,,,,,,,,54069,106010,,,,,31-01-2021,,,2384239,11549,178,11371,308225,1752196,642554,0,,,,,,,,,
UP,Ballia,,,,,86,170,,,,,,,,,,,,,29248,48334,,,,,31-01-2021,,,3223642,21610,234,21376,267420,1433455,388341,0,,,,,,,,,
UP,Balrampur,1,,,,747,630,1,1,,,,,,1,2,,,,21033,56322,2,,,,31-01-2021,,,2149066,7494,138,7354,276237,995084,438892,4,,,,,,,,,
UP,Basti,1,,,,3555,4769,1,,,,,,,,2,,,,24797,39395,2,,,,31-01-2021,,,2461056,11717,330,11385,296570,1189235,399451,3,,,,,,,,,
UP,Bhadohi,,,,,6,7,,1,,,,,,1,,,1,,15479,20211,,,,,31-01-2021,,,1554203,7720,163,7557,119023,793094,244431,1,,,,,,,,,
UP,Chandauli,,,,,192,395,,,,,,,,,,,1,,19998,31247,,,,,31-01-2021,,,1952713,16208,356,15852,211249,939599,238646,0,,,,,,,,,
UP,Deoria,,,,,81,167,,,,,,,,,,,,,29495,67895,,,,,31-01-2021,,,3098637,20223,220,20003,304520,1597034,537293,0,,,,,,,,,
UP,Etah,,,,,475,170,,,,,,,,,,,,,16622,25756,,,,,31-01-2021,,,1761152,9968,99,9868,263295,788675,213371,0,,,,,,,,,
UP,Firozabad,,,,,5881,3105,,,,,,,,,,,,,66838,47728,,,,,31-01-2021,,,2496761,8720,135,8585,322656,1005224,328351,0,,,,,,,,,
UP,Ghazipur,,,,,241,524,,1,,,,,,1,,,2,,22615,43797,,,,,31-01-2021,,,3622727,21641,282,21359,265737,1690195,509886,1,,,,,,,,,
UP,Gonda,,,,,40,1698,,,,,,,,,,,,,22042,51150,,,,,31-01-2021,,,3431386,12282,266,12016,241234,1604382,555773,0,,,,,,,,,
UP,Gorakhpur,,,1,,96,377,,3,,,,,,3,1,,4,,33169,69539,1,,,,31-01-2021,,,4436275,59439,848,58588,480536,2347051,889085,4,,,,,,,,,
UP,Hathras,,,,,,1,,,,,,,,,,,,,16507,25542,,,,,31-01-2021,,,1565678,2920,43,2877,260525,701190,234481,0,,,,,,,,,
UP,Kasganj,,,,,51,29,,,,,,,,,,,,,8148,13675,,,,,31-01-2021,,,1438156,4250,53,4197,271969,608818,147948,0,,,,,,,,,
UP,Maharajganj,,,,,53,316,,1,,,,,,1,,,,,20643,36312,,,,,31-01-2021,,,2665292,12440,140,12300,334716,1283534,372559,1,,,,,,,,,
UP,Mainpuri,,,,,647,1354,,,,,,,,,,,,,31507,37443,,,,,31-01-2021,,,1847194,10028,182,9846,228496,860461,219990,0,,,,,,,,,
UP,Mau,,,,,787,453,,,,,,,,,1,,1,,25202,32390,1,,,,31-01-2021,,,2205170,8333,80,8252,281445,1017497,307052,1,,,,,,,,,
UP,Meerut,1,,,,25,79,1,5,,,,,,5,13,,3,,25100,57600,13,,,,31-01-2021,,,3447405,69480,898,68567,798404,1764744,842448,19,,,,,,,,,
UP,Mirzapur,,,1,,787,419,,,,,,,,,,,1,,24968,41785,,,,,31-01-2021,,,2494533,11088,116,10972,312764,1335308,462157,0,,,,,,,,,
UP,Sant Kabir Nagar,,,,,82,202,,,,,,,,,,,,,44511,26920,,,,,31-01-2021,,,1714300,8159,98,8061,292606,799506,195105,0,,,,,,,,,
UP,Shamli,,,,,24,14,,,,,,,,,,,,,12602,16389,,,,,31-01-2021,,,1274815,12976,45,12931,246597,604968,206438,0,,,,,,,,,
UP,Shrawasti,,,,,37,120,,,,,,,,,,,,,7342,17808,,,,,31-01-2021,,,1114615,4388,35,4353,221566,515155,181654,0,,,,,,,,,
UP,Siddharthnagar,,,,,250,2209,,1,,,,,,1,,,,,18746,53973,,,,,31-01-2021,,,2553526,9373,100,9273,295047,1225133,479630,1,,,,,,,,,
UP,Sonbhadra,,,,,200,157,,,,,,,,,,,,,21438,24430,,,,,31-01-2021,,,1862612,16807,251,16556,306175,812891,236871,0,,,,,,,,,
UP,Sultanpur,,,,,2,18,,,,,,,,,,,,,14962,31247,,,,,31-01-2021,,,3790922,14915,138,14777,309395,1178195,370998,0,,,,,,,,,
UP,Varanasi,,,,,159,441,,2,,,,,,2,2,,1,,38187,55104,2,,,,31-01-2021,,,3682194,85501,971,84528,595510,2109381,843905,4,,,,,,,,,
UT,Almora,,,,,37,416,,,,,,,,,7,,7,,729,10440,7,,,,30-01-2021,,,621927,12190,196,11378,84443,378242,215715,7,,,,,,,,,
UT,Bageshwar,,,,,75,1286,,,,,,,,,1,,,,371,6323,1,,,,30-01-2021,,,259840,5764,60,5678,55626,183447,131244,1,,,,,,,,,
UT,Chamoli,,,,,13,268,,3,,,,,,3,4,,4,,822,11652,4,,,,30-01-2021,,,391114,12242,62,11972,90390,273850,191420,7,,,,,,,,,
UT,Champawat,1,,,,44,613,1,7,,,,,,7,3,,,,754,6007,3,,,,30-01-2021,,,259315,7603,53,7358,95068,183354,119870,11,,,,,,,,,
UT,Dehradun,3,,4,,308,3611,3,28,,,,,,28,30,,24,,5963,49795,30,,,,30-01-2021,,,1698560,112363,3521,108137,401496,1465464,793803,61,,,,,,,,,
UT,Haridwar,1,,,,224,1907,1,5,,,,,,5,10,1,8,,3960,52191,10,,,,30-01-2021,,,1927029,51498,1019,49096,369542,1456257,635360,16,,,,,,,,,
UT,Nainital,,,3,,31,288,,25,,,,,,25,10,,14,,2285,16850,10,,,,30-01-2021,,,955128,39232,944,38140,204422,722854,398680,35,,,,,,,,,
UT,Pauri Garhwal,,,,,25,108,,7,,,,,,7,3,,5,,2116,14253,3,,,,30-01-2021,,,686527,17686,315,16668,138878,431320,229262,10,,,,,,,,,
UT,Pithoragarh,,,1,,89,609,,4,,,,,,4,3,,6,,930,10608,3,,,,30-01-2021,,,485993,10260,181,9962,72686,318644,183765,7,,,,,,,,,
UT,Rudraprayag,,,1,,30,326,,7,,,,,,7,,,3,,416,6212,,,,,30-01-2021,,,236857,8800,106,8535,52378,170911,113480,7,,,,,,,,,
UT,Tehri Garhwal,,,,,12,120,,1,,,,,,1,,,,,2235,15658,,,,,30-01-2021,,,616409,15835,108,14827,105111,381493,206527,1,,,,,,,,,
UT,Udham Singh Nagar,,,,,167,3581,,,,,,,,,,,3,,3588,48283,,,,,30-01-2021,,,1648367,37875,761,36315,337292,1277738,518326,0,,,,,,,,,
UT,Uttarkashi,,,,,12,83,,1,,,,,,1,4,,,,1063,9910,4,,,,30-01-2021,,,329686,12548,74,12129,120026,234425,160687,5,,,,,,,,,
WB,Alipurduar,4,,5,,579,1298,4,26,,,,,,26,31,,35,,38488,29790,31,,,,07/12/2020,,,1700000,15589,102,15441,,949775,353666,61,,,,,,,,,
WB,Bankura,30,,21,,38854,5692,30,83,,,,,,83,161,1,133,,220390,76120,161,,,,13/12/2020,,,3596292,36313,274,35839,,2245147,706177,274,,,,,,,,,
WB,Birbhum,20,,20,,6911,2868,20,51,,,,,,51,176,,102,,99629,84919,176,,,,19/12/2020,,,3502387,41197,286,40727,,2152966,846286,247,,,,,,,,,
WB,Cooch Behar,10,,13,,3386,395,10,82,,,,,,82,77,,93,,122592,26214,77,,,,25/12/2020,,,2822780,29275,97,29060,,1444232,421663,169,,,,,,,,,
WB,Dakshin Dinajpur,14,,16,,724,998,14,80,,,,,,80,111,1,108,,53398,21657,111,,,,31/12/2020,,,1670931,17889,170,17573,,1063493,363056,205,,,,,,,,,
WB,Darjeeling,23,,31,,945,1844,23,160,,,,,,160,189,1,214,,21148,69087,189,,,,06/01/2021,,,1842034,57143,539,56326,,1324555,664306,372,,,,,,,,,
WB,Hooghly,58,,74,,41006,9034,58,358,,,,,,358,472,2,497,,274722,105570,472,,,,12/01/2021,,,5520389,86300,990,84650,,3368156,1343978,888,,,,,,,,,
WB,Howrah,73,,73,,14299,4502,73,344,,,,,,344,518,2,473,,207351,95203,518,,,,18/01/2021,,,4841638,98757,1524,96567,,2905925,1254076,935,,,,,,,,,
WB,Jalpaiguri,16,1,17,,9642,3130,16,110,,,,,,110,102,6,120,,53967,63773,102,,,,24/01/2021,,,3869675,41982,572,41256,,1144138,410719,228,,,,,,,,,
WB,Jhargram,3,,5,,477,700,3,37,,,,,,37,25,,39,,39020,19553,25,,,,30/01/2021,,,1136548,12135,27,12063,,714456,211586,65,,,,,,,,,
WB,Kalimpong,2,,4,,8,429,2,30,,,,,,30,18,,28,,513,10626,18,,,,05/02/2021,,,251642,7036,54,6950,,180713,124420,50,,,,,,,,,
WB,Kolkata,274,6,244,,334,1626,274,1044,,,,,,1044,1843,25,1553,,36977,206020,1843,,,,11/02/2021,,,4486679,322541,5152,315146,,4784084,3039486,3161,,,,,,,,,
WB,Malda,32,,8,,2191,1771,32,58,,,,,,58,77,,51,,227391,55976,77,,,,17/02/2021,,,3997970,33406,186,33121,,2029144,590497,167,,,,,,,,,
WB,Murshidabad,5,,8,,17667,1587,5,31,,,,,,31,48,1,40,,621102,86224,48,,,,23/02/2021,,,7102430,33993,328,33605,,3952659,976111,84,,,,,,,,,
WB,Nadia,31,1,48,,15875,1863,31,228,,,,,,228,302,8,326,,251739,89327,302,,,,01/03/2021,,,5168488,73333,859,72054,,2798942,884320,561,,,,,,,,,
WB,North 24 Parganas,144,6,147,,5231,7658,144,763,,,,,,763,1066,27,961,,235852,241201,1066,,,,07/03/2021,,,10082852,329257,4833,323097,,6547702,2720315,1973,,,,,,,,,
WB,Other State,,,,,,,,,,,,,,,,,,,,,,,,,13/03/2021,,,,66,3,63,,,,0,,,,,,,,,
WB,Paschim Bardhaman,32,,25,,286,786,32,74,,,,,,74,213,1,149,,94473,72103,213,,,,19/03/2021,,,2882031,57778,356,57184,,1789611,677747,319,,,,,,,,,
WB,Paschim Medinipur,26,,28,,6512,1457,26,136,,,,,,136,181,1,198,,270458,66132,181,,,,25/03/2021,,,5094238,53581,507,52820,,2758576,877978,343,,,,,,,,,
WB,Purba Bardhaman,16,,25,,17168,4002,16,132,,,,,,132,147,2,176,,260764,51741,147,,,,31/03/2021,,,4835532,42005,198,41588,,2596246,859528,295,,,,,,,,,
WB,Purba Medinipur,16,,17,,5370,2226,16,65,,,,,,65,94,1,120,,71724,144185,94,,,,06/04/2021,,,4417377,63098,397,62549,,3560589,1471674,175,,,,,,,,,
WB,Purulia,2,,3,,13266,1866,2,9,,,,,,9,17,,21,,159111,40922,17,,,,12/04/2021,,,2927965,19419,113,19283,,1679941,492310,28,,,,,,,,,
WB,South 24 Parganas,75,1,74,,7086,3270,75,267,,,,,,267,542,5,470,,310444,169231,542,,,,18/04/2021,,,8153176,100957,1336,98950,,4850898,1832073,884,,,,,,,,,
WB,Uttar Dinajpur,8,,7,,,,8,25,,,,,,25,43,2,46,,130243,44686,43,,,,24/04/2021,,,3000849,19858,238,19559,,1341457,436182,76,,,,,,,,,
