states,districts,delta_confirmed,delta_deceased,delta_recovered,delta_tested,delta_vaccinated1,delta_vaccinated2,delta_population,delta21_14_confirmed,delta21_14_deceased,delta21_14_recovered,delta21_14_tested,delta21_14_vaccinated1,delta21_14_vaccinated2,delta21_14_population,delta7_confirmed,delta7_deceased,delta7_recovered,delta7_tested,delta7_vaccinated1,delta7_vaccinated2,delta7_population,meta_confirmed,meta_deceased,meta_recovered,meta_tested,meta_vaccinated1,meta_vaccinated2,meta_population,total_confirmed,total_deceased,total_recovered,total_tested,total_vaccinated1,total_vaccinated2,total_population
AN,Nicobars,0,0,0,0,0,0,0,0,0,0,0,0,0,0,0,0,0,0,62,811,0,0,0,0,11/26/2020,0,0,36842,0,0,0,0,25394,20313,0
AN,North and Middle Andaman,0,0,0,0,0,8,0,0,0,0,0,0,0,0,0,0,0,0,90,1839,0,0,0,0,11/26/2020,0,0,105597,0,0,0,0,78945,59522,0
AN,South Andaman,0,0,0,0,3,28,0,0,0,0,0,0,0,0,0,0,0,0,732,8012,0,0,0,0,11/26/2020,0,0,238142,0,0,0,0,189662,120322,0
AN,Unknown,0,0,0,0,0,0,0,9,0,0,0,0,0,9,3,0,5,0,0,0,3,0,0,0,11/26/2020,0,0,0,7651,129,7518,0,0,0,12
AP,Anantapur,4,0,5,0,4575,5370,4,50,0,0,0,0,0,50,38,0,58,0,92803,140903,38,0,0,0,11/26/2020,0,0,4083315,157843,1093,156699,787085,2690082,1611476,92
AP,Chittoor,64,1,87,0,878,1306,64,631,0,0,0,0,0,631,516,6,629,0,63824,119541,516,0,0,0,11/26/2020,0,0,4170468,246935,1947,244144,780322,2832987,1807873,1211
AP,East Godavari,87,0,121,0,41,237,87,401,0,0,0,0,0,401,604,0,520,0,36973,223236,604,0,0,0,11/26/2020,0,0,5151549,293836,1290,291610,944746,3532220,1990578,1092
AP,Foreign Evacuees,0,0,0,0,0,0,0,0,0,0,0,0,0,0,0,0,0,0,0,0,0,0,0,0,11/26/2020,0,0,0,434,0,434,0,0,0,0
AP,Guntur,33,0,198,0,1119,1248,33,509,0,0,0,0,0,509,272,4,619,0,285377,156818,272,0,0,0,11/26/2020,0,0,4889230,178068,1237,176629,833823,3440118,1891773,814
AP,Krishna,46,1,71,0,51,337,46,405,0,0,0,0,0,405,422,9,467,0,75352,230788,422,0,0,0,11/26/2020,0,0,4529009,119348,1430,117130,782232,2971604,1914927,873
AP,Kurnool,6,0,3,0,4716,1538,6,31,0,0,0,0,0,31,25,0,26,0,178620,73119,25,0,0,0,11/26/2020,0,0,4046601,124142,853,123264,867361,2672759,1290419,62
AP,Prakasam,6,0,37,0,3292,5872,6,243,0,0,0,0,0,243,103,3,290,0,137338,130213,103,0,0,0,11/26/2020,0,0,3392764,138482,1124,136989,697340,2321031,1521177,352
AP,S.P.S. Nellore,34,1,23,0,2724,1639,34,283,0,0,0,0,0,283,155,2,235,0,96973,114393,155,0,0,0,11/26/2020,0,0,2966082,146388,1053,144919,682964,2143402,1403240,472
AP,Srikakulam,19,0,20,0,2,6,19,47,0,0,0,0,0,47,132,0,72,0,18883,129575,132,0,0,0,11/26/2020,0,0,2699471,123109,786,122136,670899,1630248,974734,198
AP,Visakhapatnam,27,0,30,0,1309,2311,27,273,0,0,0,0,0,273,237,1,227,0,65301,207340,237,0,0,0,11/26/2020,0,0,4288113,157737,1127,156492,744983,2999432,1864960,537
AP,Vizianagaram,7,1,11,0,601,1855,7,30,0,0,0,0,0,30,53,1,38,0,44847,123576,53,0,0,0,11/26/2020,0,0,2342868,82967,672,82231,531433,1393491,996097,90
AP,West Godavari,40,0,44,0,878,1884,40,171,0,0,0,0,0,171,234,4,246,0,61021,146562,234,0,0,0,11/26/2020,0,0,3934782,179077,1117,177680,793098,2525317,1778807,445
AP,Y.S.R. Kadapa,12,0,25,0,1005,1101,12,146,0,0,0,0,0,146,82,0,163,0,65843,90958,82,0,0,0,11/26/2020,0,0,2884524,115623,644,114904,671761,1824032,1328711,240
AR,Capital Complex,0,0,0,0,0,0,0,0,0,0,0,0,0,0,0,0,0,0,0,0,0,0,0,0,12/24/2020,0,0,0,0,0,0,115210,0,0,0
AR,Anjaw,0,0,0,0,0,0,0,0,0,0,0,0,0,0,0,0,0,0,45,452,0,0,0,0,1/28/2021,0,0,21089,1068,3,1065,2845,11695,7957,0
AR,Changlang,0,0,1,0,0,0,0,0,0,0,0,0,0,0,3,0,3,0,298,3803,3,0,0,0,1/28/2021,0,0,147951,3807,22,3780,23861,88857,55361,3
AR,East Kameng,0,0,0,0,0,1,0,0,0,0,0,0,0,0,0,0,0,0,76,409,0,0,0,0,1/28/2021,0,0,78413,1094,0,1094,7489,22931,15646,0
AR,East Siang,0,0,5,0,0,0,0,2,0,0,0,0,0,2,9,0,10,0,365,2013,9,0,0,0,1/28/2021,0,0,99019,3206,17,3183,21867,54001,39434,11
AR,Kamle,0,0,0,0,0,0,0,0,0,0,0,0,0,0,0,0,0,0,36,185,0,0,0,0,1/28/2021,0,0,22256,512,0,512,1385,6946,3874,0
AR,Kra Daadi,0,0,0,0,0,0,0,0,0,0,0,0,0,0,0,0,0,0,5,23,0,0,0,0,1/28/2021,0,0,0,270,0,270,3218,6275,3272,0
AR,Kurung Kumey,0,0,0,0,0,0,0,0,0,0,0,0,0,0,0,0,0,0,27,255,0,0,0,0,1/28/2021,0,0,89717,511,1,510,4201,9121,5601,0
AR,Lepa Rada,0,0,0,0,6,54,0,0,0,0,0,0,0,0,0,0,1,0,40,307,0,0,0,0,1/28/2021,0,0,0,874,3,871,6747,13328,10176,0
AR,Lohit,0,0,0,0,0,0,0,2,0,0,0,0,0,2,9,0,3,0,221,1494,9,0,0,0,1/28/2021,0,0,145538,2885,26,2851,14945,31120,22003,11
AR,Longding,0,0,0,0,0,0,0,0,0,0,0,0,0,0,1,0,0,0,46,356,1,0,0,0,1/28/2021,0,0,60000,752,2,749,10342,19259,7826,1
AR,Lower Dibang Valley,0,0,0,0,19,1,0,6,0,0,0,0,0,6,14,0,3,0,171,931,14,0,0,0,1/28/2021,0,0,53986,2426,11,2397,12169,32639,22089,20
AR,Lower Siang,0,0,0,0,0,0,0,0,0,0,0,0,0,0,0,0,0,0,37,317,0,0,0,0,1/28/2021,0,0,80597,738,8,730,7070,16565,9990,0
AR,Lower Subansiri,0,0,0,0,2,36,0,7,0,0,0,0,0,7,5,0,2,0,85,767,5,0,0,0,1/28/2021,0,0,82839,3036,15,3015,10564,26916,18827,12
AR,Namsai,0,0,0,0,0,0,0,8,0,0,0,0,0,8,4,0,16,0,209,2436,4,0,0,0,1/28/2021,0,0,95950,2124,17,2102,19987,63539,47104,12
AR,Pakke Kessang,0,0,0,0,0,14,0,1,0,0,0,0,0,1,0,0,0,0,25,262,0,0,0,0,1/28/2021,0,0,0,453,0,453,3327,8004,4998,1
AR,Papum Pare,1,0,1,0,0,0,1,22,0,0,0,0,0,22,7,0,12,0,1055,3799,7,0,0,0,1/28/2021,0,0,176385,18316,98,18212,41960,141168,100258,30
AR,Shi Yomi,0,0,0,0,0,0,0,3,0,0,0,0,0,3,1,0,10,0,2,153,1,0,0,0,1/28/2021,0,0,13310,262,0,261,2169,6910,5663,4
AR,Siang,0,0,0,0,0,0,0,0,0,0,0,0,0,0,0,0,0,0,40,197,0,0,0,0,1/28/2021,0,0,31920,411,3,408,4270,14408,9068,0
AR,Tawang,0,0,0,0,0,0,0,12,0,0,0,0,0,12,12,0,8,0,91,759,12,0,0,0,1/28/2021,0,0,49950,2577,20,2533,14224,29553,23287,24
AR,Tirap,0,0,0,0,0,0,0,0,0,0,0,0,0,0,0,0,2,0,35,631,0,0,0,0,1/28/2021,0,0,111997,1109,5,1102,14657,31565,21200,0
AR,Upper Dibang Valley,0,0,0,0,0,0,0,1,0,0,0,0,0,1,0,0,1,0,3,11,0,0,0,0,1/28/2021,0,0,7948,337,2,335,1910,4156,2603,1
AR,Upper Siang,0,0,0,0,0,0,0,2,0,0,0,0,0,2,0,0,2,0,38,411,0,0,0,0,1/28/2021,0,0,35289,1016,1,1015,6564,18594,13671,2
AR,Upper Subansiri,0,0,0,0,0,0,0,0,0,0,0,0,0,0,0,0,0,0,93,1122,0,0,0,0,1/28/2021,0,0,83205,1958,6,1952,6217,24842,16390,0
AR,West Kameng,0,0,7,0,15,89,0,17,0,0,0,0,0,17,1,0,21,0,206,1914,1,0,0,0,1/28/2021,0,0,87013,3545,14,3518,28155,55710,40321,18
AR,West Siang,0,0,-5,0,0,0,0,4,0,0,0,0,0,4,0,0,3,0,63,640,0,0,0,0,1/28/2021,0,0,112272,1868,6,1856,13192,33773,27867,4
AS,Udalguri,0,0,0,0,1935,1396,0,0,0,0,0,0,0,0,0,0,0,0,17371,19343,0,0,0,0,9/16/2020,0,0,832769,0,0,0,24661,504439,133919,0
AS,Baksa,0,0,0,0,39,172,0,0,0,0,0,0,0,0,0,0,0,0,2992,15169,0,0,0,0,1/28/2021,0,0,953773,0,0,0,0,553967,136574,0
AS,Barpeta,0,0,0,0,369,1035,0,0,0,0,0,0,0,0,0,0,0,0,10495,48544,0,0,0,0,1/28/2021,0,0,1693190,0,0,0,0,1095048,448006,0
AS,Biswanath,0,0,0,0,507,1655,0,0,0,0,0,0,0,0,0,0,0,0,5661,35727,0,0,0,0,1/28/2021,0,0,612491,0,0,0,0,456088,213437,0
AS,Bongaigaon,0,0,0,0,85,1287,0,0,0,0,0,0,0,0,0,0,0,0,2784,18356,0,0,0,0,1/29/2021,0,0,732639,0,0,0,0,493242,183782,0
AS,Cachar,0,0,0,0,2149,966,0,0,0,0,0,0,0,0,0,0,0,0,26826,21591,0,0,0,0,1/29/2021,0,0,1736319,0,0,0,0,1101266,402535,0
AS,Charaideo,0,0,0,0,3,26,0,0,0,0,0,0,0,0,0,0,0,0,1853,16868,0,0,0,0,1/29/2021,0,0,0,0,0,0,0,309125,111219,0
AS,Chirang,0,0,0,0,22,89,0,0,0,0,0,0,0,0,0,0,0,0,2488,9573,0,0,0,0,1/29/2021,0,0,481818,0,0,0,0,288696,102397,0
AS,Darrang,0,0,0,0,365,270,0,0,0,0,0,0,0,0,0,0,0,0,17453,21800,0,0,0,0,1/30/2021,0,0,908090,0,0,0,0,596783,183724,0
AS,Dhemaji,0,0,0,0,55,47,0,0,0,0,0,0,0,0,0,0,0,0,3423,15318,0,0,0,0,1/31/2021,0,0,688077,0,0,0,0,431792,184251,0
AS,Dhubri,0,0,0,0,1042,1906,0,0,0,0,0,0,0,0,0,0,0,0,12450,25644,0,0,0,0,1/2/2021,0,0,1948632,0,0,0,0,945264,229696,0
AS,Dibrugarh,0,0,0,0,699,4007,0,0,0,0,0,0,0,0,0,0,0,0,8869,38695,0,0,0,0,1/2/2021,0,0,1327748,0,0,0,301657,914640,430800,0
AS,Dima Hasao,0,0,0,0,160,59,0,0,0,0,0,0,0,0,0,0,0,0,2532,3737,0,0,0,0,1/2/2021,0,0,213529,0,0,0,0,116318,62593,0
AS,Goalpara,0,0,0,0,47,81,0,0,0,0,0,0,0,0,0,0,0,0,4013,30725,0,0,0,0,1/2/2021,0,0,1008959,0,0,0,0,662016,195521,0
AS,Golaghat,0,0,0,0,504,2676,0,0,0,0,0,0,0,0,0,0,0,0,6525,51417,0,0,0,0,1/2/2021,0,0,1058674,0,0,0,0,711564,306745,0
AS,Hailakandi,0,0,0,0,88,705,0,0,0,0,0,0,0,0,0,0,0,0,1724,11247,0,0,0,0,1/2/2021,0,0,659260,0,0,0,0,422295,146888,0
AS,Hojai,0,0,0,0,512,2979,0,0,0,0,0,0,0,0,0,0,0,0,6217,36724,0,0,0,0,1/2/2021,0,0,931218,0,0,0,0,602504,274035,0
AS,Jorhat,0,0,0,0,225,2154,0,0,0,0,0,0,0,0,0,0,0,0,3383,39677,0,0,0,0,1/2/2021,0,0,1091295,0,0,0,0,649267,297724,0
AS,Kamrup,0,0,0,0,231,253,0,0,0,0,0,0,0,0,0,0,0,0,10451,45828,0,0,0,0,1/2/2021,0,0,1517202,0,0,0,0,1079092,409628,0
AS,Kamrup Metropolitan,0,0,0,0,359,1713,0,0,0,0,0,0,0,0,0,0,0,0,6625,38155,0,0,0,0,1/2/2021,0,0,1260419,0,0,0,0,1246239,875897,0
AS,Karbi Anglong,0,0,0,0,342,280,0,0,0,0,0,0,0,0,0,0,0,0,13744,12778,0,0,0,0,1/2/2021,0,0,965280,0,0,0,0,284600,102798,0
AS,Karimganj,0,0,0,0,331,1382,0,0,0,0,0,0,0,0,0,0,0,0,5088,20659,0,0,0,0,1/2/2021,0,0,1217002,0,0,0,0,681216,203575,0
AS,Kokrajhar,0,0,0,0,162,823,0,0,0,0,0,0,0,0,0,0,0,0,3935,19711,0,0,0,0,1/2/2021,0,0,886999,0,0,0,0,538901,156488,0
AS,Lakhimpur,0,0,0,0,148,1555,0,0,0,0,0,0,0,0,0,0,0,0,5870,42164,0,0,0,0,1/2/2021,0,0,1040644,0,0,0,0,681386,301369,0
AS,Majuli,0,0,0,0,36,166,0,0,0,0,0,0,0,0,0,0,0,0,1524,7176,0,0,0,0,1/2/2021,0,0,167304,0,0,0,0,117599,82507,0
AS,Morigaon,0,0,0,0,264,482,0,0,0,0,0,0,0,0,0,0,0,0,5298,27861,0,0,0,0,1/2/2021,0,0,957853,0,0,0,0,592446,212146,0
AS,Nagaon,0,0,0,0,758,1481,0,0,0,0,0,0,0,0,0,0,0,0,16396,36734,0,0,0,0,1/2/2021,0,0,2826006,0,0,0,0,1203831,448081,0
AS,Nalbari,0,0,0,0,388,1492,0,0,0,0,0,0,0,0,0,0,0,0,6785,25411,0,0,0,0,1/2/2021,0,0,769919,0,0,0,0,483076,168392,0
AS,Sivasagar,0,0,0,0,46,714,0,0,0,0,0,0,0,0,0,0,0,0,1946,23104,0,0,0,0,1/2/2021,0,0,1150253,0,0,0,0,478954,223921,0
AS,Sonitpur,0,0,0,0,448,2664,0,0,0,0,0,0,0,0,0,0,0,0,8341,48290,0,0,0,0,1/2/2021,0,0,1925975,0,0,0,0,767841,434213,0
AS,South Salmara Mankachar,0,0,0,0,260,1288,0,0,0,0,0,0,0,0,0,0,0,0,1978,15304,0,0,0,0,1/2/2021,0,0,555114,0,0,0,0,239906,76599,0
AS,Tinsukia,0,0,0,0,6637,1679,0,0,0,0,0,0,0,0,0,0,0,0,45002,22410,0,0,0,0,1/2/2021,0,0,1316948,0,0,0,0,795057,286170,0
AS,Unknown,212,1,236,0,0,0,212,1499,0,0,0,0,0,1499,2056,24,2215,0,0,0,2056,0,0,0,1/2/2021,0,0,0,610645,5997,600974,0,0,0,3767
AS,West Karbi Anglong,0,0,0,0,312,147,0,0,0,0,0,0,0,0,0,0,0,0,4593,4186,0,0,0,0,1/2/2021,0,0,300320,0,0,0,0,127612,42942,0
BR,Begusarai,0,0,1,0,1906,2774,0,8,0,0,0,0,0,8,2,0,7,0,33903,65735,2,0,0,0,9/26/2020,0,0,2954367,27212,457,26754,213670,1430906,480982,10
BR,Araria,0,0,0,0,5177,3067,0,0,0,0,0,0,0,0,2,0,0,0,51331,69085,2,0,0,0,3/10/2020,0,0,2806200,14978,116,14859,219221,1177154,395227,2
BR,Khagaria,0,0,0,0,881,2118,0,0,0,0,0,0,0,0,0,0,0,0,15402,32372,0,0,0,0,4/10/2020,0,0,1657599,10064,88,9976,148340,775019,222012,0
BR,East Champaran,0,0,0,0,2434,8014,0,1,0,0,0,0,0,1,2,0,0,0,29316,84760,2,0,0,0,3/11/2020,0,0,5082868,19017,430,18585,548132,2498559,1002939,3
BR,Nawada,0,0,0,0,4176,4338,0,0,0,0,0,0,0,0,1,0,0,0,46619,35295,1,0,0,0,11/16/2020,0,0,2216653,10353,178,10174,322514,1062349,274319,1
BR,Sheohar,0,0,0,0,666,1629,0,0,0,0,0,0,0,0,0,0,2,0,2946,7111,0,0,0,0,11/16/2020,0,0,656916,4404,36,4368,199431,300967,108766,0
BR,Purnia,0,0,0,0,2821,1959,0,0,0,0,0,0,0,0,0,0,0,0,61212,74531,0,0,0,0,5/1/2021,0,0,3273127,24427,180,24247,568756,1603099,729224,0
BR,Darbhanga,0,0,0,0,2858,5306,0,0,0,0,0,0,0,0,0,0,1,0,39165,82276,0,0,0,0,11/1/2021,0,0,3921971,10937,370,10567,448442,1869372,741553,0
BR,Arwal,0,0,0,0,262,1360,0,0,0,0,0,0,0,0,0,0,0,0,4059,17125,0,0,0,0,1/31/2021,0,0,700843,7381,74,7307,101624,345175,116424,0
BR,Aurangabad,0,0,0,0,1264,2657,0,0,0,0,0,0,0,0,0,0,0,0,25561,56431,0,0,0,0,1/31/2021,0,0,2511243,20011,75,19936,412007,1132482,407913,0
BR,Banka,0,0,0,0,2635,3138,0,0,0,0,0,0,0,0,0,0,0,0,24239,34077,0,0,0,0,1/31/2021,0,0,2029339,7379,112,7267,364776,935177,351254,0
BR,Bhagalpur,0,0,1,0,2122,3458,0,1,0,0,0,0,0,1,1,0,1,0,49875,78088,1,0,0,0,1/31/2021,0,0,3032226,25840,309,25531,582113,1494951,650332,2
BR,Bhojpur,0,0,0,0,3232,4879,0,0,0,0,0,0,0,0,0,0,0,0,31626,53006,0,0,0,0,1/31/2021,0,0,2720155,10210,159,10051,466438,1291186,382719,0
BR,Buxar,0,0,0,0,1083,2516,0,0,0,0,0,0,0,0,0,0,0,0,14794,38792,0,0,0,0,1/31/2021,0,0,1707643,9248,182,9066,461428,907374,322555,0
BR,Gaya,0,0,0,0,1708,1689,0,1,0,0,0,0,0,1,0,0,1,0,72504,82490,0,0,0,0,1/31/2021,0,0,4379383,33952,280,33672,872359,1925234,722746,1
BR,Gopalganj,0,0,0,0,5308,8468,0,0,0,0,0,0,0,0,0,0,1,0,31750,70093,0,0,0,0,1/31/2021,0,0,2558037,16685,94,16591,562654,1286763,481968,0
BR,Jamui,0,0,0,0,1435,1416,0,0,0,0,0,0,0,0,0,0,1,0,24440,24005,0,0,0,0,1/31/2021,0,0,1756078,9418,106,9312,342005,800488,222093,0
BR,Jehanabad,0,0,0,0,498,1617,0,0,0,0,0,0,0,0,0,0,0,0,12986,27200,0,0,0,0,1/31/2021,0,0,1124176,10783,109,10674,492255,498448,184446,0
BR,Kaimur,0,0,0,0,1067,2183,0,0,0,0,0,0,0,0,0,0,0,0,19996,28681,0,0,0,0,1/31/2021,0,0,1626900,4984,147,4837,442332,801438,225437,0
BR,Katihar,0,0,0,0,2680,2966,0,0,0,0,0,0,0,0,0,0,1,0,53448,75733,0,0,0,0,1/31/2021,0,0,3068149,18145,94,18051,556438,1451838,403046,0
BR,Kishanganj,3,0,1,0,1997,1445,3,0,0,0,0,0,0,0,4,0,2,0,24597,25592,4,0,0,0,1/31/2021,0,0,1690948,10128,66,10057,294321,757066,205274,7
BR,Lakhisarai,0,0,0,0,595,1005,0,0,0,0,0,0,0,0,0,0,0,0,8894,16437,0,0,0,0,1/31/2021,0,0,1000717,7776,102,7674,332434,461970,138407,0
BR,Madhepura,0,0,0,0,2700,4459,0,1,0,0,0,0,0,1,1,0,0,0,28832,43563,1,0,0,0,1/31/2021,0,0,1994618,12547,111,12435,455482,965767,260408,2
BR,Madhubani,2,0,0,0,2735,6686,2,0,0,0,0,0,0,0,3,0,0,0,28535,69785,3,0,0,0,1/31/2021,0,0,4476044,18365,339,18023,715168,1974159,680214,5
BR,Munger,0,0,0,0,851,2867,0,1,0,0,0,0,0,1,0,0,1,0,7445,33005,0,0,0,0,1/31/2021,0,0,1359054,15111,158,14953,325212,707588,264665,1
BR,Muzaffarpur,0,0,0,0,3545,7023,0,0,0,0,0,0,0,0,0,0,1,0,40686,80513,0,0,0,0,1/31/2021,0,0,4778610,31398,621,30777,722651,2253919,717015,0
BR,Nalanda,0,0,0,0,2168,1826,0,0,0,0,0,0,0,0,0,0,0,0,36716,66091,0,0,0,0,1/31/2021,0,0,2872523,23432,468,22964,591346,1393762,638181,0
BR,Patna,2,0,3,0,737,2024,2,14,0,0,0,0,0,14,14,0,8,0,35436,159875,14,0,0,0,1/31/2021,0,0,5772804,147007,2334,144651,676238,3421614,2366474,30
BR,Rohtas,0,0,0,0,4911,4149,0,0,0,0,0,0,0,0,2,0,0,0,40918,59698,2,0,0,0,1/31/2021,0,0,2962593,13980,271,13707,521553,1498172,465660,2
BR,Saharsa,0,0,0,0,28493,18126,0,0,0,0,0,0,0,0,0,0,0,0,106392,80718,0,0,0,0,1/31/2021,0,0,1897102,17616,134,17482,356327,995618,366567,0
BR,Samastipur,1,0,1,0,3216,5157,1,1,0,0,0,0,0,1,2,0,2,0,48167,64119,2,0,0,0,1/31/2021,0,0,4254782,20020,155,19864,614569,1991102,555728,4
BR,Saran,0,0,2,0,4149,6693,0,0,0,0,0,0,0,0,5,0,2,0,41734,82407,5,0,0,0,1/31/2021,0,0,3943098,23278,255,23020,761473,1868014,736766,5
BR,Sheikhpura,0,0,0,0,345,788,0,0,0,0,0,0,0,0,0,0,0,0,4942,10739,0,0,0,0,1/31/2021,0,0,634927,7693,75,7618,142348,287209,95322,0
BR,Sitamarhi,0,0,0,0,3873,5476,0,1,0,0,0,0,0,1,0,0,0,0,43474,60677,0,0,0,0,1/31/2021,0,0,3419622,9185,127,9058,453227,1511464,424182,1
BR,Siwan,0,0,0,0,1163,4030,0,0,0,0,0,0,0,0,0,0,0,0,18385,69069,0,0,0,0,1/31/2021,0,0,3318176,15195,170,15025,536438,1670590,684755,0
BR,Supaul,0,0,0,0,3029,5131,0,1,0,0,0,0,0,1,0,0,0,0,35486,71754,0,0,0,0,1/31/2021,0,0,2228397,17222,129,17093,456511,1069993,369925,1
BR,Vaishali,0,0,0,0,1522,2621,0,0,0,0,0,0,0,0,1,0,0,0,45426,59038,1,0,0,0,1/31/2021,0,0,3495021,19827,192,19632,275884,1671469,478638,1
BR,West Champaran,0,0,0,0,7525,6316,0,0,0,0,0,0,0,0,0,0,0,0,42709,52019,0,0,0,0,1/31/2021,0,0,3935042,20890,358,20532,551778,1784016,469332,0
CH,Chandigarh,5,0,3,1403,211,1282,5,23,0,0,0,0,0,23,28,0,20,10726,3680,21641,28,0,0,0,10/31/2021,0,0,1055450,65351,820,64495,792851,926035,546981,56
CT,Bastar,2,0,2,0,82,129,2,0,0,0,0,0,0,0,24,0,2,0,10696,9616,24,0,0,0,5/23/2020,0,0,1302253,21066,188,20845,4522,443759,178775,26
CT,Balod,0,0,0,0,523,762,0,3,0,0,0,0,0,3,2,0,1,0,5983,9451,2,0,0,0,6/14/2020,0,0,826165,27278,396,26880,2749,537459,271570,5
CT,Baloda Bazar,0,0,1,0,953,605,0,1,0,0,0,0,0,1,0,0,3,0,25353,17419,0,0,0,0,6/14/2020,0,0,1305343,43085,471,42611,3816,617777,211945,1
CT,Bametara,1,0,0,0,25,25,1,1,0,0,0,0,0,1,1,0,0,0,14367,7690,1,0,0,0,6/14/2020,0,0,197035,19963,236,19726,3113,405388,132925,3
CT,Bijapur,3,0,1,0,47,56,3,6,0,0,0,0,0,6,5,0,3,0,1251,913,5,0,0,0,6/14/2020,0,0,229832,8324,55,8263,1239,103247,44245,14
CT,Bilaspur,1,0,3,0,2404,9113,1,12,0,0,0,0,0,12,17,2,8,0,18318,50320,17,0,0,0,6/14/2020,0,0,1961922,65681,1210,64448,9823,1031494,525066,30
CT,Dakshin Bastar Dantewada,1,0,0,0,143,1299,1,4,0,0,0,0,0,4,6,0,2,0,2225,5410,6,0,0,0,6/14/2020,0,0,533638,10840,25,10809,1168,158243,80855,11
CT,Dhamtari,0,0,2,0,1,18,0,2,0,0,0,0,0,2,2,0,2,0,6188,7319,2,0,0,0,6/14/2020,0,0,799199,27239,545,26690,1501,509782,224591,4
CT,Durg,4,0,6,0,468,908,4,19,0,0,0,0,0,19,26,1,18,0,17012,22719,26,0,0,0,6/14/2020,0,0,3343079,96880,1798,95028,5020,1012391,525445,49
CT,Gariaband,0,0,0,0,440,153,0,0,0,0,0,0,0,0,1,0,0,0,9982,5872,1,0,0,0,6/14/2020,0,0,597653,19701,194,19506,2096,293987,99137,1
CT,Gaurela Pendra Marwahi,1,0,0,0,257,297,1,0,0,0,0,0,0,0,1,0,0,0,4045,4587,1,0,0,0,6/14/2020,0,0,0,12011,146,11864,273,189474,79788,2
CT,Janjgir Champa,2,0,4,0,1722,1341,2,9,0,0,0,0,0,9,19,1,8,0,45568,30991,19,0,0,0,6/14/2020,0,0,1620632,57636,838,56766,4016,896087,317605,30
CT,Jashpur,0,0,3,0,187,383,0,6,0,0,0,0,0,6,10,0,6,0,10933,13098,10,0,0,0,6/14/2020,0,0,852043,27093,212,26867,2542,435884,182747,16
CT,Kabeerdham,0,0,0,0,1128,1288,0,0,0,0,0,0,0,0,1,0,0,0,17511,17876,1,0,0,0,6/14/2020,0,0,584667,22771,267,22503,2829,402362,173494,1
CT,Kondagaon,0,0,0,0,243,184,0,2,0,0,0,0,0,2,4,0,1,0,8359,7999,4,0,0,0,6/14/2020,0,0,578326,13139,99,13036,1607,317695,100468,6
CT,Korba,5,0,2,0,1086,1126,5,13,0,0,0,0,0,13,23,0,11,0,24033,24911,23,0,0,0,6/14/2020,0,0,1206563,54847,580,54228,10034,650457,287588,41
CT,Koriya,0,1,0,0,2370,346,0,1,0,0,0,0,0,1,6,1,0,0,15621,5751,6,0,0,0,6/14/2020,0,0,659039,26980,177,26798,2689,375503,128177,7
CT,Mahasamund,0,0,0,0,159,6309,0,2,0,0,0,0,0,2,0,0,1,0,4416,72466,0,0,0,0,6/14/2020,0,0,1032275,31365,365,31000,2183,738333,428365,2
CT,Mungeli,0,0,0,0,1330,981,0,2,0,0,0,0,0,2,1,0,2,0,15254,12880,1,0,0,0,6/14/2020,0,0,701707,23921,167,23753,2922,282508,109857,3
CT,Narayanpur,0,0,0,0,1075,903,0,1,0,0,0,0,0,1,0,0,1,0,3057,1858,0,0,0,0,6/14/2020,0,0,140206,4019,14,4005,804,53032,19468,1
CT,Raigarh,2,0,4,0,752,6265,2,10,0,0,0,0,0,10,8,0,8,0,5114,122838,8,0,0,0,6/14/2020,0,0,1493627,62590,978,61597,5084,1074306,967326,20
CT,Raipur,9,0,3,0,789,3193,9,15,0,0,0,0,0,15,33,0,15,0,10441,40794,33,0,0,0,6/14/2020,0,0,4062160,158035,3139,154852,12704,1557999,915437,57
CT,Sukma,0,0,1,0,140,77,0,3,0,0,0,0,0,3,1,0,4,0,3208,5401,1,0,0,0,6/14/2020,0,0,249000,8066,20,8041,1723,134654,81437,4
CT,Surajpur,0,0,0,0,442,322,0,1,0,0,0,0,0,1,0,0,0,0,13506,13873,0,0,0,0,6/14/2020,0,0,660280,29029,224,28805,1830,419247,163526,1
CT,Uttar Bastar Kanker,0,0,0,0,995,645,0,4,0,0,0,0,0,4,3,0,1,0,17930,14621,3,0,0,0,6/14/2020,0,0,748593,23636,224,23407,2051,405744,171484,7
CT,Balrampur,0,0,0,0,1654,725,0,0,0,0,0,0,0,0,0,0,0,0,21912,17709,0,0,0,0,9/20/2020,0,0,598855,20302,118,20182,21481,305554,112777,0
CT,Rajnandgaon,0,0,0,0,596,650,0,2,0,0,0,0,0,2,5,0,3,0,15753,25270,5,0,0,0,9/11/2020,0,0,1537520,56077,515,55557,124947,1028876,530711,7
CT,Surguja,0,0,0,0,1831,1834,0,2,0,0,0,0,0,2,2,0,0,0,29827,33226,2,0,0,0,11/18/2020,0,0,420661,33673,245,33426,103578,468885,277031,4
DL,Delhi,45,0,46,56751,12482,11839,45,195,0,0,0,0,0,195,267,0,239,395086,160323,269146,267,0,0,0,10/31/2021,0,0,19814000,1439870,25091,1414431,29427753,13055636,7425404,507
DN,Dadra and Nagar Haveli,0,0,0,0,3,18,0,2,0,0,0,0,0,2,0,0,0,0,870,6759,0,0,0,0,10/20/2020,0,0,343709,5920,3,5910,44813,387772,183553,2
DN,Daman,0,0,1,0,0,0,0,2,0,0,0,0,0,2,0,0,2,0,1880,6793,0,0,0,0,10/20/2020,0,0,191173,3543,1,3516,19338,234202,155547,2
DN,Diu,0,0,0,0,0,0,0,0,0,0,0,0,0,0,0,0,0,0,52,690,0,0,0,0,10/20/2020,0,0,52074,1218,0,1218,8259,38779,31153,0
GA,North Goa,0,0,0,0,1070,5967,0,0,0,0,0,0,0,0,0,0,0,0,4007,23958,0,0,0,0,10/20/2020,0,0,817761,0,0,0,0,600586,424066,0
GA,South Goa,0,0,0,0,1492,6405,0,0,0,0,0,0,0,0,0,0,0,0,4401,22504,0,0,0,0,10/20/2020,0,0,639962,0,0,0,0,661972,487016,0
GA,Unknown,23,0,53,0,0,0,23,409,0,0,0,0,0,409,222,6,409,0,0,0,222,0,0,0,10/20/2020,0,0,0,178108,3364,174392,0,0,0,654
GJ,Ahmedabad,4,0,2,0,1765,11394,4,29,0,0,0,0,0,29,22,0,14,0,47316,169891,22,0,0,0,2/2/2021,0,0,7208200,238334,3411,234889,2556492,5961594,3439921,55
GJ,Amreli,0,0,0,0,399,3792,0,0,0,0,0,0,0,0,0,0,0,0,5473,39398,0,0,0,0,2/2/2021,0,0,1513614,10810,102,10708,212265,927389,551970,0
GJ,Anand,0,0,0,0,4876,2866,0,0,0,0,0,0,0,0,6,0,1,0,33012,46764,6,0,0,0,2/2/2021,0,0,2090276,9637,49,9581,171851,1471865,935893,6
GJ,Aravalli,0,0,0,0,2,106,0,0,0,0,0,0,0,0,0,0,0,0,1439,32201,0,0,0,0,2/2/2021,0,0,1051746,5186,78,5108,122182,717964,522361,0
GJ,Banaskantha,0,0,0,0,390,3521,0,0,0,0,0,0,0,0,0,0,0,0,16080,82985,0,0,0,0,2/2/2021,0,0,3116045,13631,162,13469,218527,2140492,1157901,0
GJ,Bharuch,0,0,0,0,1539,2936,0,0,0,0,0,0,0,0,0,0,0,0,21270,45926,0,0,0,0,2/2/2021,0,0,1550822,11426,118,11308,156057,1217587,669742,0
GJ,Bhavnagar,1,0,0,0,359,1470,1,3,0,0,0,0,0,3,1,0,0,0,19467,81374,1,0,0,0,2/2/2021,0,0,2877961,21447,301,21143,392834,1680398,986097,5
GJ,Botad,0,0,0,0,13,235,0,0,0,0,0,0,0,0,0,0,0,0,929,14235,0,0,0,0,2/2/2021,0,0,656005,2218,42,2176,98559,378232,228691,0
GJ,Chhota Udaipur,0,0,0,0,4,818,0,0,0,0,0,0,0,0,0,0,0,0,699,19920,0,0,0,0,2/2/2021,0,0,1071831,3395,38,3357,93838,635695,420157,0
GJ,Dahod,0,0,0,0,8,1930,0,0,0,0,0,0,0,0,0,0,0,0,626,53547,0,0,0,0,2/2/2021,0,0,2126558,9955,38,9917,218259,1499052,631818,0
GJ,Dang,0,0,0,0,2,1,0,2,0,0,0,0,0,2,0,0,0,0,4140,3726,0,0,0,0,2/2/2021,0,0,226769,866,18,848,31921,156334,59262,2
GJ,Devbhumi Dwarka,0,0,0,0,315,373,0,0,0,0,0,0,0,0,0,0,0,0,4666,24924,0,0,0,0,2/2/2021,0,0,752484,4175,82,4093,80424,504501,309771,0
GJ,Gandhinagar,0,0,0,0,69,367,0,1,0,0,0,0,0,1,0,0,0,0,5475,36333,0,0,0,0,2/2/2021,0,0,1387478,20754,205,20549,292598,1175562,706208,1
GJ,Gir Somnath,0,0,0,0,912,15,0,3,0,0,0,0,0,3,2,0,2,0,8524,15341,2,0,0,0,2/2/2021,0,0,1217477,8570,67,8499,121948,845224,363467,5
GJ,Jamnagar,0,0,1,0,367,1366,0,1,0,0,0,0,0,1,5,0,3,0,9406,37158,5,0,0,0,2/2/2021,0,0,2159130,34978,478,34494,307911,1111813,653950,6
GJ,Junagadh,2,0,0,0,62,1232,2,13,0,0,0,0,0,13,6,0,2,0,2660,71531,6,0,0,0,2/2/2021,0,0,2742291,20505,272,20226,199699,1316479,733025,21
GJ,Kheda,0,0,0,0,124,2105,0,3,0,0,0,0,0,3,0,0,1,0,11668,73838,0,0,0,0,2/2/2021,0,0,2298934,10439,48,10391,218140,1454344,893742,3
GJ,Kutch,0,0,0,0,15,351,0,4,0,0,0,0,0,4,5,0,1,0,8920,49662,5,0,0,0,2/2/2021,0,0,2090313,12631,145,12474,267060,1412923,680232,9
GJ,Mahisagar,0,0,0,0,1,929,0,0,0,0,0,0,0,0,0,0,0,0,62,16517,0,0,0,0,2/2/2021,0,0,994624,8194,72,8122,122796,815594,459520,0
GJ,Mehsana,0,0,0,0,71,723,0,0,0,0,0,0,0,0,0,0,1,0,7523,48550,0,0,0,0,2/2/2021,0,0,2027727,24419,177,24242,229904,1405786,869969,0
GJ,Morbi,0,0,0,0,31,118,0,0,0,0,0,0,0,0,0,0,0,0,9950,20297,0,0,0,0,2/2/2021,0,0,960329,6502,87,6415,157321,674000,308840,0
GJ,Narmada,0,0,0,0,2,12,0,2,0,0,0,0,0,2,0,0,2,0,546,13890,0,0,0,0,2/2/2021,0,0,590379,5955,15,5940,76134,413260,279684,2
GJ,Navsari,0,0,1,0,62,2009,0,11,0,0,0,0,0,11,5,0,13,0,1852,29095,5,0,0,0,2/2/2021,0,0,1330711,7215,24,7181,129099,948673,647484,16
GJ,Panchmahal,0,0,0,0,80,1246,0,0,0,0,0,0,0,0,0,0,0,0,7294,44832,0,0,0,0,2/2/2021,0,0,2388267,11770,70,11700,160981,1105110,626003,0
GJ,Patan,0,0,0,0,20,259,0,0,0,0,0,0,0,0,0,0,0,0,3369,37745,0,0,0,0,2/2/2021,0,0,1342746,11624,129,11495,169059,850462,533438,0
GJ,Porbandar,0,0,0,0,48,1062,0,0,0,0,0,0,0,0,0,0,0,0,1140,13063,0,0,0,0,2/2/2021,0,0,586062,3486,19,3467,97912,419364,256377,0
GJ,Rajkot,0,0,7,0,43,153,0,2,0,0,0,0,0,2,7,0,7,0,17510,53546,7,0,0,0,2/2/2021,0,0,3157676,57976,725,57243,731251,2227111,1255012,9
GJ,Sabarkantha,0,0,0,0,66,1181,0,0,0,0,0,0,0,0,1,0,0,0,4232,45789,1,0,0,0,2/2/2021,0,0,2427346,9317,157,9159,182090,1000517,596705,1
GJ,Surat,4,0,4,0,2525,7090,4,38,0,0,0,0,0,38,38,1,30,0,35083,115694,38,0,0,0,2/2/2021,0,0,4996391,143874,1956,141885,1938229,4781894,2529712,80
GJ,Surendranagar,0,0,0,0,51,647,0,0,0,0,0,0,0,0,0,0,0,0,18641,79795,0,0,0,0,2/2/2021,0,0,1755873,8121,136,7985,201153,1113845,715931,0
GJ,Tapi,0,0,0,0,14,111,0,1,0,0,0,0,0,1,0,0,0,0,3010,23409,0,0,0,0,2/2/2021,0,0,806489,4441,24,4417,92524,527345,303297,1
GJ,Vadodara,6,0,2,0,437,12194,6,16,0,0,0,0,0,16,36,0,14,0,16527,182027,36,0,0,0,2/2/2021,0,0,3639775,78159,788,77335,695670,2612578,1940514,58
GJ,Valsad,3,0,6,0,84,46,3,28,0,0,0,0,0,28,25,1,25,0,6616,36430,25,0,0,0,2/2/2021,0,0,1703068,6405,53,6308,155380,1232139,704675,56
HP,Kullu,0,0,3,0,0,0,0,17,0,0,0,0,0,17,19,0,18,0,889,9323,19,0,0,0,9/29/2020,0,0,437474,9692,158,9496,12012,351261,203549,36
HP,Lahaul and Spiti,0,0,0,0,0,0,0,1,0,0,0,0,0,1,0,0,0,0,30,412,0,0,0,0,10/31/2020,0,0,31528,2953,18,2935,540,31920,20986,1
HP,Bilaspur,11,0,12,0,6,329,11,78,0,0,0,0,0,78,133,0,77,0,695,15071,133,0,0,0,12/19/2020,0,0,382056,14374,85,14120,39738,323204,234916,222
HP,Chamba,0,0,2,0,146,1749,0,8,0,0,0,0,0,8,27,0,13,0,1439,18796,27,0,0,0,12/19/2020,0,0,518844,13687,160,13492,53505,364258,198146,35
HP,Hamirpur,11,0,50,0,0,32,11,177,0,0,0,0,0,177,288,4,228,0,713,26076,288,0,0,0,12/19/2020,0,0,454293,17379,287,16741,46407,377332,269143,476
HP,Kangra,40,1,108,0,2,23,40,310,0,0,0,0,0,310,657,10,454,0,2399,39940,657,0,0,0,12/19/2020,0,0,1507223,50818,1125,48872,94910,1182563,725754,1007
HP,Kinnaur,0,0,1,0,0,0,0,4,0,0,0,0,0,4,2,0,6,0,95,517,2,0,0,0,12/19/2020,0,0,84298,3507,38,3465,6730,79673,63209,6
HP,Mandi,4,0,5,0,99,2275,4,165,0,0,0,0,0,165,140,3,141,0,1156,26214,140,0,0,0,12/19/2020,0,0,999518,31606,448,30983,41895,775242,479355,309
HP,Shimla,4,0,9,0,20,1688,4,72,0,0,0,0,0,72,100,3,66,0,2224,37351,100,0,0,0,12/19/2020,0,0,813384,27549,641,26786,32922,678341,412640,176
HP,Sirmaur,0,0,0,0,52,1185,0,0,0,0,0,0,0,0,1,0,0,0,1388,22247,1,0,0,0,12/19/2020,0,0,530164,15456,211,15244,42564,423793,209631,1
HP,Solan,4,0,2,0,33,493,4,25,0,0,0,0,0,25,25,0,27,0,1393,21242,25,0,0,0,12/19/2020,0,0,576670,22817,314,22472,57200,691163,339630,54
HP,Una,11,0,6,0,24,396,11,101,0,0,0,0,0,101,145,0,124,0,824,16782,145,0,0,0,12/19/2020,0,0,521057,14268,253,13804,52905,434945,286819,257
HR,Jind,0,0,0,0,490,567,0,0,0,0,0,0,0,0,1,0,0,0,13366,21662,1,0,0,0,7/13/2020,0,0,1332042,21209,533,20675,11157,704573,250859,1
HR,Kaithal,0,0,0,0,69,149,0,2,0,0,0,0,0,2,0,0,2,0,4183,11836,0,0,0,0,7/13/2020,0,0,1072861,11244,346,10898,11687,615168,217439,2
HR,Rohtak,0,0,0,0,311,953,0,4,0,0,0,0,0,4,0,0,1,0,11409,17219,0,0,0,0,7/13/2020,0,0,1058683,25903,534,25350,25894,674649,305282,4
HR,Fatehabad,0,0,0,0,30,37,0,1,0,0,0,0,0,1,0,0,0,0,1800,7458,0,0,0,0,8/29/2020,0,0,941522,17875,481,17394,27456,574546,201763,1
HR,Panipat,1,0,0,0,375,1054,1,0,0,0,0,0,0,0,1,0,0,0,7950,12888,1,0,0,0,6/10/2020,0,0,1202811,31150,638,30510,58863,830805,273172,2
HR,Charkhi Dadri,0,0,0,0,2,35,0,0,0,0,0,0,0,0,0,0,2,0,941,11884,0,0,0,0,10/28/2020,0,0,502276,5078,139,4939,58525,364599,262184,0
HR,Nuh,0,0,0,0,2433,583,0,0,0,0,0,0,0,0,0,0,0,0,10812,3789,0,0,0,0,1/11/2020,0,0,1089406,5014,123,4890,93389,354422,78081,0
HR,Jhajjar,0,0,0,0,569,996,0,0,0,0,0,0,0,0,1,0,0,0,8229,19599,1,0,0,0,11/30/2020,0,0,956907,18849,328,18514,186853,684511,293496,1
HR,Panchkula,1,0,2,0,127,1033,1,7,0,0,0,0,0,7,10,0,12,0,1786,10743,10,0,0,0,5/12/2020,0,0,558890,30770,378,30379,118725,456675,279951,18
HR,Sirsa,0,0,0,0,47,92,0,3,0,0,0,0,0,3,3,0,2,0,4263,8228,3,0,0,0,6/12/2020,0,0,1295114,29282,508,28771,150193,786205,278920,6
HR,Sonipat,0,0,0,0,785,2190,0,1,0,0,0,0,0,1,0,0,1,0,9421,21065,0,0,0,0,6/12/2020,0,0,1480080,47138,254,46884,238963,989125,411915,1
HR,Kurukshetra,0,0,0,0,55,199,0,1,0,0,0,0,0,1,1,0,1,0,4064,9522,1,0,0,0,1/29/2021,0,0,964231,22147,357,21789,198881,610380,248125,2
HR,Ambala,0,0,0,0,100,587,0,2,0,0,0,0,0,2,2,0,1,0,3021,25458,2,0,0,0,1/30/2021,0,0,1136784,30150,509,29639,206003,873020,571772,4
HR,Bhiwani,0,0,0,0,578,2454,0,0,0,0,0,0,0,0,0,0,0,0,6166,25664,0,0,0,0,1/30/2021,0,0,1629109,22409,652,21757,176225,741251,317765,0
HR,Faridabad,1,0,0,0,818,1577,1,8,0,0,0,0,0,8,18,0,7,0,17515,30156,18,0,0,0,1/30/2021,0,0,1798954,99902,716,99157,504970,1658940,840997,27
HR,Gurugram,7,0,8,0,264,1637,7,47,0,0,0,0,0,47,55,0,48,0,20221,48107,55,0,0,0,1/30/2021,0,0,1514085,181428,922,180454,742619,2193114,1377160,109
HR,Hisar,0,0,0,0,58,111,0,0,0,0,0,0,0,0,2,0,0,0,5821,12364,2,0,0,0,1/30/2021,0,0,1742815,53995,1136,52857,322039,994213,332162,2
HR,Karnal,1,0,0,0,617,217,1,2,0,0,0,0,0,2,1,0,0,0,8109,23328,1,0,0,0,1/30/2021,0,0,1506323,40037,552,39484,185147,1000120,451876,4
HR,Mahendragarh,0,0,0,0,205,529,0,0,0,0,0,0,0,0,0,0,0,0,4857,10632,0,0,0,0,1/30/2021,0,0,921680,21689,155,21534,143253,576527,264911,0
HR,Palwal,0,0,0,0,358,259,0,1,0,0,0,0,0,1,0,0,0,0,7558,9496,0,0,0,0,1/30/2021,0,0,1040493,11025,153,10872,139809,608874,221786,1
HR,Rewari,0,0,0,0,83,353,0,2,0,0,0,0,0,2,0,0,4,0,2550,9877,0,0,0,0,1/30/2021,0,0,896129,20327,221,20106,151363,648724,294989,2
HR,Yamunanagar,0,0,0,0,102,185,0,2,0,0,0,0,0,2,0,0,6,0,6471,16554,0,0,0,0,1/30/2021,0,0,1214162,24631,414,24215,196131,831598,340196,2
JH,Jamtara,0,0,0,0,973,1373,0,1,0,0,0,0,0,1,4,1,3,0,9614,12331,4,0,0,0,7/21/2020,0,0,790207,5599,61,5534,2880,381155,137216,5
JH,Bokaro,0,0,0,0,3236,4363,0,5,0,0,0,0,0,5,15,0,13,0,27554,34375,15,0,0,0,7/21/2020,0,0,2061918,19461,286,19170,11798,994497,333330,20
JH,Deoghar,0,0,0,0,985,2299,0,0,0,0,0,0,0,0,2,0,1,0,9801,19008,2,0,0,0,7/21/2020,0,0,1491879,10835,113,10721,6951,569167,230458,2
JH,Dumka,0,0,1,0,1460,2659,0,0,0,0,0,0,0,0,2,0,2,0,12679,22872,2,0,0,0,7/21/2020,0,0,1321096,4636,47,4589,5400,638722,229944,2
JH,Giridih,0,0,0,0,2411,3577,0,0,0,0,0,0,0,0,0,0,0,0,16994,29823,0,0,0,0,7/21/2020,0,0,2445203,8964,130,8834,11132,994417,301193,0
JH,Godda,0,0,0,0,906,1883,0,0,0,0,0,0,0,0,1,0,1,0,7385,16537,1,0,0,0,7/21/2020,0,0,1311382,5840,87,5753,10980,527710,198198,1
JH,Pakur,0,0,0,0,3009,2636,0,1,0,0,0,0,0,1,0,0,0,0,9945,9107,0,0,0,0,7/21/2020,0,0,899200,2552,12,2539,6429,378048,108941,1
JH,Sahibganj,0,0,0,0,1336,947,0,0,0,0,0,0,0,0,0,0,0,0,10449,13687,0,0,0,0,7/21/2020,0,0,1150038,4834,42,4792,5029,430948,132560,0
JH,Lohardaga,0,0,0,0,188,166,0,0,0,0,0,0,0,0,0,0,2,0,3444,3563,0,0,0,0,7/21/2020,0,0,461738,6709,88,6621,7526,173109,63130,0
JH,Khunti,0,0,0,0,354,367,0,2,0,0,0,0,0,2,0,0,0,0,3335,3834,0,0,0,0,7/21/2020,0,0,530299,7820,96,7724,3852,227503,107053,2
JH,Saraikela-Kharsawan,0,0,0,0,682,490,0,0,0,0,0,0,0,0,0,0,0,0,11215,12399,0,0,0,0,7/21/2020,0,0,1063458,7207,67,7137,161796,505417,167980,0
JH,Chatra,0,0,0,0,909,1813,0,0,0,0,0,0,0,0,0,0,0,0,5946,11402,0,0,0,0,7/21/2020,0,0,1042304,6033,53,5977,0,454807,126700,0
JH,Dhanbad,0,0,1,0,2811,3597,0,1,0,0,0,0,0,1,24,0,13,0,33374,34095,24,0,0,0,7/21/2020,0,0,2682662,16589,382,16196,0,1185934,446946,25
JH,East Singhbhum,0,0,3,0,1925,4669,0,11,0,0,0,0,0,11,47,2,42,0,11994,29238,47,0,0,0,7/21/2020,0,0,2291032,51974,1046,50907,0,1424376,661091,58
JH,Garhwa,0,0,1,0,4770,3027,0,1,0,0,0,0,0,1,6,0,7,0,17210,15386,6,0,0,0,7/21/2020,0,0,1322387,6895,94,6801,0,456056,148421,7
JH,Gumla,0,0,0,0,465,744,0,0,0,0,0,0,0,0,5,0,0,0,4900,8696,5,0,0,0,7/21/2020,0,0,1025656,9900,38,9857,0,387738,156364,5
JH,Hazaribagh,0,0,0,0,678,1243,0,0,0,0,0,0,0,0,3,0,3,0,11940,21857,3,0,0,0,7/21/2020,0,0,1734005,19593,186,19404,0,865943,317137,3
JH,Koderma,0,0,0,0,45,235,0,0,0,0,0,0,0,0,0,0,0,0,3393,11488,0,0,0,0,7/21/2020,0,0,717169,12872,136,12736,0,363078,140609,0
JH,Latehar,0,0,0,0,1158,773,0,0,0,0,0,0,0,0,0,0,0,0,9565,7719,0,0,0,0,7/21/2020,0,0,725673,7871,57,7814,0,294989,84919,0
JH,Palamu,0,0,0,0,5270,6713,0,0,0,0,0,0,0,0,0,0,0,0,21657,37375,0,0,0,0,7/21/2020,0,0,1936319,12294,110,12184,0,788026,311074,0
JH,Ramgarh,0,0,0,0,645,944,0,1,0,0,0,0,0,1,7,0,0,0,5306,10927,7,0,0,0,7/21/2020,0,0,949159,13923,197,13714,0,522017,185442,8
JH,Ranchi,10,0,2,0,4743,4594,10,52,0,0,0,0,0,52,182,0,228,0,35099,38856,182,0,0,0,7/21/2020,0,0,2912022,86116,1585,84495,0,1512114,656001,244
JH,Simdega,0,0,0,0,67,189,0,0,0,0,0,0,0,0,0,0,0,0,1694,4126,0,0,0,0,7/21/2020,0,0,599813,7193,92,7101,0,277357,112059,0
JH,Unknown,0,0,0,0,0,0,0,0,0,0,0,0,0,0,-166,0,-70,0,0,0,-166,0,0,0,7/21/2020,0,0,0,0,0,0,0,0,0,-166
JH,West Singhbhum,0,0,0,0,895,962,0,3,0,0,0,0,0,3,5,0,5,0,12587,16980,5,0,0,0,7/21/2020,0,0,1501619,13054,133,12918,0,630437,225607,8
JK,Pulwama,4,0,0,0,24,1414,4,8,0,0,0,0,0,8,5,0,5,0,1021,16829,5,0,0,0,1/1/2021,0,0,570060,15512,194,15309,139552,430622,244300,17
JK,Anantnag,2,0,2,0,69,4677,2,19,0,0,0,0,0,19,10,0,12,0,1472,30949,10,0,0,0,1/5/2021,0,0,1070144,16603,205,16378,0,759605,402717,31
JK,Bandipora,1,0,0,0,12,639,1,16,0,0,0,0,0,16,13,0,19,0,349,6835,13,0,0,0,1/9/2021,0,0,385099,9814,102,9693,0,303665,154345,30
JK,Baramulla,10,0,6,0,42,2327,10,57,0,0,0,0,0,57,96,0,64,0,1665,29357,96,0,0,0,1/13/2021,0,0,1015503,24613,282,24196,0,776258,450002,163
JK,Budgam,10,0,10,0,113,2657,10,48,0,0,0,0,0,48,63,0,53,0,1409,22456,63,0,0,0,1/17/2021,0,0,735753,23844,207,23548,0,592075,319587,121
JK,Doda,2,0,0,0,74,1079,2,26,0,0,0,0,0,26,18,0,26,0,1065,19212,18,0,0,0,1/21/2021,0,0,409576,7869,133,7704,0,313983,158751,46
JK,Ganderbal,7,0,2,0,33,1116,7,10,0,0,0,0,0,10,31,0,12,0,370,9271,31,0,0,0,1/25/2021,0,0,297003,10436,79,10313,0,227349,133812,48
JK,Jammu,3,0,6,0,86,593,3,27,0,0,0,0,0,27,20,0,37,0,4121,16781,20,0,0,0,1/29/2021,0,0,1526406,53324,1145,52145,0,1168448,610537,50
JK,Kathua,0,0,0,0,108,2053,0,1,0,0,0,0,0,1,0,1,5,0,1867,22270,0,0,0,0,2/2/2021,0,0,615711,9327,152,9175,0,482584,249588,1
JK,Kishtwar,0,0,0,0,85,320,0,0,0,0,0,0,0,0,1,0,0,0,3948,3385,1,0,0,0,2/6/2021,0,0,230696,4819,44,4773,0,164754,78041,1
JK,Kulgam,1,0,2,0,39,1610,1,1,0,0,0,0,0,1,2,0,5,0,632,20244,2,0,0,0,2/10/2021,0,0,422786,11489,117,11367,0,401091,202260,4
JK,Kupwara,5,0,4,0,165,8743,5,32,0,0,0,0,0,32,25,0,25,0,3959,42820,25,0,0,0,2/14/2021,0,0,875564,14463,166,14268,0,673594,348327,62
JK,Punch,0,0,0,0,45,3190,0,13,0,0,0,0,0,13,7,0,14,0,695,27765,7,0,0,0,2/18/2021,0,0,476820,6482,98,6371,0,386098,234540,20
JK,Rajouri,0,0,0,0,56,752,0,8,0,0,0,0,0,8,4,0,7,0,1247,9544,4,0,0,0,2/22/2021,0,0,619266,11272,237,11031,0,498787,241407,12
JK,Ramban,1,0,0,0,155,829,1,0,0,0,0,0,0,0,3,0,0,0,1498,10369,3,0,0,0,2/26/2021,0,0,283313,6043,67,5971,0,220690,147086,4
JK,Reasi,0,0,2,0,240,1808,0,13,0,0,0,0,0,13,4,0,10,0,1644,15636,4,0,0,0,3/2/2021,0,0,314714,6626,43,6575,0,244379,133971,17
JK,Samba,0,0,0,0,40,468,0,1,0,0,0,0,0,1,0,0,2,0,1207,6224,0,0,0,0,3/6/2021,0,0,318611,7152,120,7032,0,280700,122554,1
JK,Shopiyan,0,0,0,0,6,302,0,0,0,0,0,0,0,0,0,0,0,0,139,7669,0,0,0,0,3/10/2021,0,0,265960,5607,58,5549,0,203036,95122,0
JK,Srinagar,49,0,45,0,394,11547,49,247,0,0,0,0,0,247,305,2,274,0,2788,80075,305,0,0,0,3/14/2021,0,0,1269751,75539,846,74242,0,957347,592016,601
JK,Udhampur,0,0,0,0,76,700,0,2,0,0,0,0,0,2,4,0,2,0,2420,14763,4,0,0,0,3/18/2021,0,0,555357,11415,137,11275,0,425945,227785,6
KA,Chamarajanagara,0,0,4,0,25,399,0,14,0,0,0,0,0,14,6,0,15,0,2102,36658,6,0,0,0,3/22/2021,0,0,1020962,33001,500,32469,5156,647951,351940,20
KA,Chikkaballapura,2,1,0,0,16,22,2,6,0,0,0,0,0,6,11,3,8,0,4700,19860,11,0,0,0,3/26/2021,0,0,1254377,43951,429,43501,15089,852473,497674,19
KA,Chikkamagaluru,3,0,4,0,14,29,3,46,0,0,0,0,0,46,28,0,93,0,4830,13010,28,0,0,0,6/28/2020,0,0,1137753,51126,395,50662,5467,737417,346002,77
KA,Chitradurga,3,0,3,0,2340,1956,3,9,0,0,0,0,0,9,17,0,12,0,45062,47252,17,0,0,0,6/28/2020,0,0,1660378,36666,206,36412,4393,1020280,618156,29
KA,Davanagere,2,0,1,0,16,33,2,9,0,0,0,0,0,9,10,1,11,0,7079,28149,10,0,0,0,6/28/2020,0,0,1946905,50989,608,50359,17483,1016827,495371,21
KA,Gadag,0,0,0,0,1176,167,0,1,0,0,0,0,0,1,0,0,0,0,12373,16257,0,0,0,0,6/28/2020,0,0,1065235,26066,319,25747,8904,691646,328477,1
KA,Hassan,26,0,28,0,37,123,26,144,0,0,0,0,0,144,147,5,125,0,5434,26697,147,0,0,0,6/28/2020,0,0,1776221,111785,1256,110294,10800,1224599,614828,317
KA,Haveri,1,0,1,0,2,7,1,3,0,0,0,0,0,3,1,1,2,0,8794,36386,1,0,0,0,6/28/2020,0,0,1598506,21947,644,21301,11714,999178,383705,5
KA,Koppal,0,0,0,0,116,321,0,2,0,0,0,0,0,2,1,0,5,0,16045,33794,1,0,0,0,6/28/2020,0,0,1391292,35198,521,34660,8708,814373,411092,3
KA,Mandya,8,0,2,0,8,123,8,59,0,0,0,0,0,59,48,0,36,0,5411,28944,48,0,0,0,6/28/2020,0,0,1808680,73753,650,73029,14874,1189318,659066,115
KA,Raichur,0,0,1,0,151,433,0,7,0,0,0,0,0,7,1,0,4,0,19900,34897,1,0,0,0,6/28/2020,0,0,1924773,39973,331,39641,21011,1021603,448501,8
KA,Uttara Kannada,6,0,4,0,11,155,6,65,0,0,0,0,0,65,66,0,48,0,3955,32067,66,0,0,0,6/28/2020,0,0,1353299,56218,766,55339,13833,980496,505589,137
KA,Vijayapura,0,0,0,0,340,583,0,11,0,0,0,0,0,11,2,0,2,0,59571,50033,2,0,0,0,6/28/2020,0,0,2175102,36267,495,35764,25108,1535235,634270,13
KA,Shivamogga,3,0,0,0,417,957,3,38,0,0,0,0,0,38,30,0,66,0,23220,47086,30,0,0,0,8/21/2020,0,0,1755512,69444,1088,68239,48760,1162073,535447,71
KA,Bagalkote,0,0,0,0,823,98,0,1,0,0,0,0,0,1,0,0,0,0,57683,22844,0,0,0,0,8/23/2020,0,0,1890826,35178,333,34843,49851,1188016,613422,1
KA,Bidar,0,0,0,0,408,740,0,7,0,0,0,0,0,7,0,0,5,0,13739,30558,0,0,0,0,8/29/2020,0,0,1700018,24340,400,23936,67689,929776,515993,7
KA,Mysuru,33,2,34,0,798,1258,33,252,0,0,0,0,0,252,234,7,247,0,46664,111457,234,0,0,0,8/31/2020,0,0,2994744,179167,2416,176447,107338,2141764,1239770,519
KA,Udupi,2,0,6,0,16,137,2,91,0,0,0,0,0,91,49,0,75,0,2422,27889,49,0,0,0,9/13/2020,0,0,1177908,76718,489,76181,86092,919074,529427,142
KA,Dakshina Kannada,24,0,20,0,139,858,24,232,0,0,0,0,0,232,192,9,193,0,5124,38765,192,0,0,0,9/17/2020,0,0,2083625,115478,1680,113515,131281,1531107,848253,448
KA,Tumakuru,17,0,12,0,1842,3742,17,103,0,0,0,0,0,103,136,1,112,0,31038,66650,136,0,0,0,9/24/2020,0,0,2681449,120836,1127,119420,106564,1672730,881580,256
KA,Dharwad,0,1,3,0,459,323,0,15,0,0,0,0,0,15,4,3,10,0,24515,35313,4,0,0,0,10/13/2020,0,0,1846993,60970,1315,59639,137696,1212295,561504,19
KA,Kolar,2,0,5,0,748,1088,2,38,0,0,0,0,0,38,18,3,31,0,13745,34211,18,0,0,0,10/14/2020,0,0,1540231,46916,638,46266,91924,991957,625918,58
KA,Ramanagara,0,0,0,0,11,61,0,12,0,0,0,0,0,12,8,2,10,0,6303,28767,8,0,0,0,11/25/2020,0,0,1082739,24204,320,23869,103399,754463,469335,20
KA,Ballari,0,0,2,0,2415,483,0,9,0,0,0,0,0,9,9,0,14,0,54006,84805,9,0,0,0,12/28/2020,0,0,2532383,97763,1689,95961,402407,1758198,864065,18
KA,Belagavi,6,0,1,0,427,825,6,31,0,0,0,0,0,31,20,1,21,0,39701,98350,20,0,0,0,2/1/2021,0,0,4778439,79900,938,78879,396565,3165252,1386668,57
KA,Kalaburagi,3,0,0,0,1631,1001,3,2,0,0,0,0,0,2,9,0,5,0,35135,44220,9,0,0,0,1/30/2021,0,0,2564892,61926,819,61087,409596,1323039,641641,14
KA,Bengaluru Rural,3,0,3,0,118,994,3,40,0,0,0,0,0,40,23,2,27,0,5196,22700,23,0,0,0,1/31/2021,0,0,987257,62005,890,61073,240277,700825,385704,66
KA,Bengaluru Urban,137,7,204,0,2109,11462,137,1105,0,0,0,0,0,1105,1165,37,1093,0,48836,247281,1165,0,0,0,1/31/2021,0,0,9588910,1251872,16281,1229059,6883888,9219875,5903791,2407
KA,Kodagu,11,0,7,0,26,202,11,79,0,0,0,0,0,79,112,0,67,0,1558,12680,112,0,0,0,1/31/2021,0,0,554762,37095,329,36616,143982,385482,212033,202
KA,Yadgir,0,0,0,0,108,62,0,1,0,0,0,0,0,1,0,0,2,0,18060,15460,0,0,0,0,1/31/2021,0,0,1172985,27545,207,27337,221485,708887,348094,1
KL,Palakkad,339,16,423,0,37,397,339,3177,0,0,0,0,0,3177,2560,175,2544,0,8712,57261,2560,0,0,0,10/19/2020,0,0,2810892,373839,2881,364351,226562,1989222,950909,6076
KL,Thiruvananthapuram,878,1,754,0,418,2986,878,7626,0,0,0,0,0,7626,7056,118,4851,0,9284,89297,7056,0,0,0,10/23/2020,0,0,3307284,463977,4996,448304,436661,2578575,1562343,15560
KL,Malappuram,334,48,560,0,152,523,334,3497,0,0,0,0,0,3497,2634,108,2929,0,20840,52896,2634,0,0,0,12/30/2020,0,0,4110956,567584,2576,562111,469850,2833303,1103557,6465
KL,Idukki,550,1,195,0,26,208,550,3256,0,0,0,0,0,3256,2876,71,1866,0,2211,27218,2876,0,0,0,1/1/2021,0,0,1107453,147118,519,140292,237691,859116,481911,6682
KL,Kannur,304,0,451,0,38,325,304,3456,0,0,0,0,0,3456,2611,301,3143,0,7636,71089,2611,0,0,0,1/1/2021,0,0,2525637,275264,2325,269475,392136,1891004,959656,6371
KL,Kozhikode,742,23,760,0,55,449,742,5631,0,0,0,0,0,5631,5386,513,5059,0,11449,57479,5386,0,0,0,1/1/2021,0,0,3089543,527346,3374,519030,955060,2341296,1154561,11759
KL,Pathanamthitta,447,2,406,0,149,1275,447,2683,0,0,0,0,0,2683,2953,122,2635,0,2637,29343,2953,0,0,0,1/1/2021,0,0,1195537,193406,1076,184979,306034,1048352,677224,6083
KL,Thrissur,753,59,38,0,107,977,753,6874,0,0,0,0,0,6874,5751,388,3647,0,8853,87643,5751,0,0,0,1/1/2021,0,0,3110327,523260,3575,515481,639055,2295947,1305873,13378
KL,Wayanad,269,0,329,0,12,243,269,1767,0,0,0,0,0,1767,1823,30,1691,0,2223,32359,1823,0,0,0,1/1/2021,0,0,816558,125732,518,121295,211953,659451,436359,3859
KL,Alappuzha,270,1,455,0,65,502,270,3016,0,0,0,0,0,3016,2035,228,2526,0,5337,51712,2035,0,0,0,1/1/2021,0,0,2121943,316160,1862,313515,0,1518055,855411,5321
KL,Ernakulam,1046,11,918,0,573,1977,1046,8747,0,0,0,0,0,8747,7647,742,8539,0,13018,91762,7647,0,0,0,1/1/2021,0,0,3279860,602800,3555,583842,0,2953482,1759232,17440
KL,Kasaragod,137,0,147,0,389,1861,137,1156,0,0,0,0,0,1156,1054,31,1082,0,4942,24290,1054,0,0,0,1/1/2021,0,0,1302600,138815,617,134824,0,910194,521754,2347
KL,Kollam,592,0,848,0,13,215,592,3991,0,0,0,0,0,3991,4753,161,6283,0,7368,62100,4753,0,0,0,1/1/2021,0,0,2629703,390872,2451,383923,0,1951077,1047951,9336
KL,Kottayam,506,5,155,0,11,125,506,4644,0,0,0,0,0,4644,4187,101,1611,0,5298,58083,4187,0,0,0,1/1/2021,0,0,1979384,322484,1356,315759,0,1477425,841596,9337
LA,Kargil,0,0,0,0,0,3,0,0,0,0,0,0,0,0,4,0,0,0,205,748,4,0,0,0,1/14/2021,0,0,143000,3619,58,3556,37471,87221,64300,4
LA,Leh,11,0,9,0,0,0,11,26,0,0,0,0,0,26,54,0,28,0,320,785,54,0,0,0,1/14/2021,0,0,147000,17343,150,17131,72597,121577,87980,91
LD,Lakshadweep,0,0,0,31,0,4,0,0,0,0,0,0,0,0,0,0,0,1625,69,796,0,0,0,0,10/31/2021,0,0,64473,10365,51,10270,263541,55129,45951,0
MH,Aurangabad,27,0,0,0,759,246,27,140,0,0,0,0,0,140,156,1,157,0,46323,34109,156,0,0,0,5/30/2020,0,0,3695928,155331,4251,150615,11800,1772420,723304,323
MH,Ahmednagar,138,2,11,0,535,661,138,2120,0,0,0,0,0,2120,866,26,728,0,44180,28319,866,0,0,0,7/19/2020,0,0,4543083,339457,7043,330122,11077,2468837,881402,3124
MH,Gadchiroli,0,0,0,0,424,255,0,4,0,0,0,0,0,4,2,0,5,0,14790,10994,2,0,0,0,7/23/2020,0,0,1071795,30440,669,29735,11993,540319,231208,6
MH,Hingoli,0,0,0,0,459,166,0,7,0,0,0,0,0,7,0,0,3,0,42054,16145,0,0,0,0,3/8/2020,0,0,1178973,18475,506,17949,6797,537442,201000,7
MH,Beed,12,0,7,0,411,473,12,123,0,0,0,0,0,123,69,5,35,0,34333,24584,69,0,0,0,11/10/2020,0,0,2585962,103749,2806,100803,111488,1145382,485615,204
MH,Bhandara,0,0,0,0,7,13,0,0,0,0,0,0,0,0,0,0,1,0,5080,16415,0,0,0,0,11/10/2020,0,0,1198810,60080,1123,58945,54195,825867,421585,0
MH,Dhule,0,0,0,0,121,230,0,4,0,0,0,0,0,4,5,0,4,0,23261,19364,5,0,0,0,11/10/2020,0,0,2048781,46172,654,45501,90092,1007007,476051,9
MH,Nagpur,4,0,5,0,3039,3360,4,20,0,0,0,0,0,20,35,0,43,0,58567,71818,35,0,0,0,10/18/2020,0,0,4653171,493607,9128,484334,382083,3006439,1460890,59
MH,Wardha,2,0,2,0,18,65,2,4,0,0,0,0,0,4,5,0,4,0,16481,14040,5,0,0,0,10/31/2020,0,0,1296157,57344,1217,55956,52365,755863,314899,11
MH,Nanded,2,0,3,0,8820,2618,2,15,0,0,0,0,0,15,28,0,22,0,144423,41697,28,0,0,0,3/11/2020,0,0,3356566,90409,2658,87721,117319,1560558,560812,45
MH,Thane,153,6,525,0,3664,5578,153,1629,0,0,0,0,0,1629,1241,44,3002,0,108643,120708,1241,0,0,0,4/11/2020,0,0,11060148,610128,11462,597141,1229625,5484839,2751182,3023
MH,Nandurbar,0,0,0,0,738,178,0,0,0,0,0,0,0,0,2,0,1,0,19572,12517,2,0,0,0,12/12/2020,0,0,1646177,40006,948,39054,37740,723850,342054,2
MH,Osmanabad,16,0,3,0,5549,1039,16,197,0,0,0,0,0,197,89,1,154,0,44954,11658,89,0,0,0,7/1/2021,0,0,1660311,67828,1963,65577,109450,803192,308210,302
MH,Pune,245,0,300,0,2900,4885,245,2964,0,0,0,0,0,2964,1536,20,5294,0,85256,136336,1536,0,0,0,12/1/2021,0,0,9426959,1154776,19594,1131401,97127,7843130,4264808,4745
MH,Raigad,26,0,34,0,326,1214,26,594,0,0,0,0,0,594,267,10,359,0,21737,31684,267,0,0,0,1/28/2021,0,0,2635394,195958,4551,190759,304088,1859507,774913,887
MH,Gondia,0,0,0,0,32,45,0,0,0,0,0,0,0,0,2,0,3,0,8593,23092,2,0,0,0,1/29/2021,0,0,1322331,40519,569,39941,130146,888961,469980,2
MH,Mumbai,308,3,429,0,2725,2540,308,3019,0,0,0,0,0,3019,2242,34,2604,0,98915,219736,2242,0,0,0,1/29/2021,0,0,12442373,756749,16247,733318,2789713,9115615,5564204,5569
MH,Yavatmal,2,0,1,0,2588,697,2,2,0,0,0,0,0,2,6,0,7,0,56233,26091,6,0,0,0,1/29/2021,0,0,2775457,75967,1798,74159,141551,1211321,496306,10
MH,Buldhana,3,0,1,0,402,153,3,15,0,0,0,0,0,15,16,1,16,0,34272,24089,16,0,0,0,1/30/2021,0,0,2588039,85520,797,84710,115874,1136679,512944,34
MH,Chandrapur,2,0,0,0,54,24,2,14,0,0,0,0,0,14,7,0,0,0,22248,18994,7,0,0,0,1/30/2021,0,0,2194262,88968,1560,87387,199809,1335017,458690,23
MH,Jalgaon,0,0,2,0,6,19,0,11,0,0,0,0,0,11,4,0,11,0,37870,21599,4,0,0,0,1/30/2021,0,0,4224442,139934,2714,137178,429198,2085101,699544,15
MH,Jalna,0,0,0,0,121,16,0,44,0,0,0,0,0,44,15,0,47,0,112537,35713,15,0,0,0,1/30/2021,0,0,1958483,60615,1209,59382,117047,1081253,413822,59
MH,Nashik,60,3,32,0,2116,473,60,585,0,0,0,0,0,585,456,12,519,0,143768,58112,456,0,0,0,1/30/2021,0,0,6109052,410681,8679,401418,498397,3471046,1299122,1101
MH,Palghar,28,0,6,0,863,1749,28,310,0,0,0,0,0,310,204,0,326,0,32112,39231,204,0,0,0,1/30/2021,0,0,2990116,138013,3282,134309,319724,1869199,678741,542
MH,Parbhani,0,0,1,0,4016,1361,0,12,0,0,0,0,0,12,13,1,9,0,44477,20480,13,0,0,0,1/30/2021,0,0,1835982,52362,1233,51078,110937,905874,378183,25
MH,Satara,35,1,4,0,225,298,35,508,0,0,0,0,0,508,157,17,501,0,16690,30950,157,0,0,0,1/30/2021,0,0,3003922,250414,6428,243482,312742,1963730,865197,700
MH,Solapur,51,4,7,0,5956,1381,51,519,0,0,0,0,0,519,253,11,370,0,77398,34204,253,0,0,0,1/30/2021,0,0,4315527,210466,5551,204364,629266,2242339,690069,823
MH,Akola,0,0,1,0,576,200,0,7,0,0,0,0,0,7,3,0,7,0,26579,10081,3,0,0,0,2/2/2021,0,0,1818617,58764,1425,57318,0,760099,357931,10
MH,Amravati,1,0,0,0,112,66,1,2,0,0,0,0,0,2,3,0,0,0,29961,21747,3,0,0,0,2/5/2021,0,0,2887826,96231,1594,94618,0,1241168,548807,6
MH,Kolhapur,12,0,5,0,152,337,12,74,0,0,0,0,0,74,55,2,115,0,19104,23088,55,0,0,0,2/8/2021,0,0,3874015,206671,5847,200699,0,2536731,1043329,141
MH,Latur,5,1,0,0,4676,1424,5,47,0,0,0,0,0,47,39,3,0,0,82644,33519,39,0,0,0,2/11/2021,0,0,2455543,92133,2437,89608,0,1182476,507616,91
MH,Ratnagiri,8,0,14,0,83,224,8,192,0,0,0,0,0,192,91,4,160,0,10880,7924,91,0,0,0,2/17/2021,0,0,1612672,78950,2478,76292,0,920151,388703,291
MH,Sangli,19,0,0,0,128,120,19,380,0,0,0,0,0,380,155,4,375,0,11974,19041,155,0,0,0,2/20/2021,0,0,2820575,209771,5613,203673,0,1810980,802877,554
MH,Sindhudurg,12,0,6,0,-1,1,12,258,0,0,0,0,0,258,91,4,259,0,3915,5195,91,0,0,0,2/23/2021,0,0,848868,52783,1434,50987,0,524896,279051,361
MH,Washim,1,0,0,0,1016,516,1,5,0,0,0,0,0,5,4,0,5,0,30932,19238,4,0,0,0,2/26/2021,0,0,1196714,41663,637,41020,0,579042,321710,10
ML,East Garo Hills,0,0,1,0,0,0,0,1,0,0,0,0,0,1,5,0,2,0,482,1424,5,0,0,0,12/31/2020,0,0,317618,1867,13,1844,0,47655,20648,6
ML,East Jaintia Hills,0,0,0,0,0,0,0,8,0,0,0,0,0,8,2,0,3,0,483,2964,2,0,0,0,1/3/2021,0,0,122436,2430,31,2395,0,64432,33259,10
ML,East Khasi Hills,14,1,18,0,0,17,14,348,0,0,0,0,0,348,171,2,286,0,1847,10698,171,0,0,0,1/6/2021,0,0,824059,41025,987,39754,0,318381,225526,533
ML,North Garo Hills,1,0,0,0,0,0,1,1,0,0,0,0,0,1,3,0,2,0,596,3614,3,0,0,0,1/9/2021,0,0,118325,1685,8,1674,0,62675,28288,5
ML,Ribhoi,1,0,3,0,15,65,1,20,0,0,0,0,0,20,14,0,23,0,884,3492,14,0,0,0,1/12/2021,0,0,258380,9697,89,9584,0,92049,48460,35
ML,South Garo Hills,0,0,0,0,13,67,0,1,0,0,0,0,0,1,0,0,1,0,329,1346,0,0,0,0,1/15/2021,0,0,142574,1216,12,1203,0,40103,18937,1
ML,South West Garo Hills,0,0,1,0,0,0,0,2,0,0,0,0,0,2,3,0,3,0,924,4509,3,0,0,0,1/18/2021,0,0,172495,1872,17,1852,0,73397,39210,5
ML,South West Khasi Hills,0,0,0,0,0,0,0,5,0,0,0,0,0,5,6,0,1,0,61,552,6,0,0,0,1/21/2021,0,0,110152,2548,17,2525,0,33372,17117,11
ML,West Garo Hills,3,0,1,0,7,32,3,13,0,0,0,0,0,13,8,0,11,0,1409,8093,8,0,0,0,1/24/2021,0,0,642923,9027,72,8943,0,209662,119725,24
ML,West Jaintia Hills,1,0,0,0,0,0,1,13,0,0,0,0,0,13,11,2,31,0,411,3480,11,0,0,0,1/27/2021,0,0,270352,6803,133,6642,0,84529,47646,25
ML,West Khasi Hills,2,0,27,0,1,20,2,118,0,0,0,0,0,118,33,0,97,0,443,1763,33,0,0,0,1/30/2021,0,0,385601,5457,71,5330,0,77018,43000,153
MN,Churachandpur,0,0,0,0,27,370,0,0,0,0,0,0,0,0,0,0,0,0,345,3560,0,0,0,0,9/23/2020,0,0,271274,0,0,0,13542,104247,62208,0
MN,Bishnupur,0,0,0,0,0,0,0,0,0,0,0,0,0,0,0,0,0,0,685,8679,0,0,0,0,9/28/2020,0,0,240363,0,0,0,0,128902,64791,0
MN,Chandel,0,0,0,0,5,134,0,0,0,0,0,0,0,0,0,0,0,0,98,1337,0,0,0,0,10/3/2020,0,0,144028,0,0,0,0,26634,15197,0
MN,Imphal East,0,0,0,0,183,1268,0,0,0,0,0,0,0,0,0,0,0,0,2402,19169,0,0,0,0,10/8/2020,0,0,452661,0,0,0,0,251626,148953,0
MN,Imphal West,0,0,0,0,74,841,0,0,0,0,0,0,0,0,0,0,0,0,1861,17353,0,0,0,0,10/13/2020,0,0,514683,0,0,0,0,308782,199404,0
MN,Jiribam,0,0,0,0,0,0,0,0,0,0,0,0,0,0,0,0,0,0,70,1927,0,0,0,0,10/18/2020,0,0,43818,0,0,0,0,27911,17262,0
MN,Kakching,0,0,0,0,0,0,0,0,0,0,0,0,0,0,0,0,0,0,214,2450,0,0,0,0,10/23/2020,0,0,135481,0,0,0,0,84702,49653,0
MN,Kamjong,0,0,0,0,75,371,0,0,0,0,0,0,0,0,0,0,0,0,129,736,0,0,0,0,10/28/2020,0,0,45616,0,0,0,0,10502,5370,0
MN,Kangpokpi,0,0,0,0,73,26,0,0,0,0,0,0,0,0,0,0,0,0,291,1472,0,0,0,0,11/2/2020,0,0,0,0,0,0,0,39027,19015,0
MN,Noney,0,0,0,0,29,388,0,0,0,0,0,0,0,0,0,0,0,0,98,1211,0,0,0,0,11/7/2020,0,0,0,0,0,0,0,16798,9819,0
MN,Pherzawl,0,0,0,0,0,52,0,0,0,0,0,0,0,0,0,0,0,0,55,711,0,0,0,0,11/12/2020,0,0,47250,0,0,0,0,12417,9888,0
MN,Senapati,0,0,0,0,105,291,0,0,0,0,0,0,0,0,0,0,0,0,425,1940,0,0,0,0,11/17/2020,0,0,354772,0,0,0,0,28247,18288,0
MN,Tamenglong,0,0,0,0,53,76,0,0,0,0,0,0,0,0,0,0,0,0,174,1204,0,0,0,0,11/22/2020,0,0,140143,0,0,0,0,19931,10361,0
MN,Tengnoupal,0,0,0,0,14,183,0,0,0,0,0,0,0,0,0,0,0,0,93,1176,0,0,0,0,11/27/2020,0,0,0,0,0,0,0,26209,12163,0
MN,Thoubal,0,0,0,0,1,22,0,0,0,0,0,0,0,0,0,0,0,0,378,6574,0,0,0,0,12/2/2020,0,0,420517,0,0,0,0,141308,62279,0
MN,Ukhrul,0,0,0,0,66,258,0,0,0,0,0,0,0,0,0,0,0,0,362,1775,0,0,0,0,12/7/2020,0,0,183115,0,0,0,0,22193,14759,0
MN,Unknown,63,1,62,0,0,0,63,734,0,0,0,0,0,734,439,10,652,0,0,0,439,0,0,0,12/12/2020,0,0,0,123731,1921,121102,0,0,0,1236
MP,Dindori,0,0,0,0,4,96,0,0,0,0,0,0,0,0,0,0,0,0,1342,21481,0,0,0,0,8/7/2020,0,0,704218,4623,29,4588,3557,481366,186341,0
MP,Sidhi,0,0,0,0,58,512,0,0,0,0,0,0,0,0,0,0,0,0,1867,19145,0,0,0,0,7/26/2020,0,0,1126515,9219,87,9132,4660,679862,226632,0
MP,Burhanpur,0,0,0,0,49,138,0,0,0,0,0,0,0,0,0,0,0,0,762,6561,0,0,0,0,8/18/2020,0,0,756993,2568,39,2529,13040,493618,220909,0
MP,Rewa,0,0,0,0,85,1574,0,0,0,0,0,0,0,0,0,0,0,0,6664,104963,0,0,0,0,8/18/2020,0,0,2363744,16433,155,16270,22690,1639826,674779,0
MP,Balaghat,2,0,0,0,25,342,2,0,0,0,0,0,0,0,2,0,0,0,15838,71692,2,0,0,0,8/19/2020,0,0,1701156,9100,64,9017,9654,1278183,549643,4
MP,Khandwa,0,0,0,0,0,0,0,0,0,0,0,0,0,0,0,0,0,0,880,13668,0,0,0,0,8/24/2020,0,0,1309443,4044,94,3946,17090,862885,310248,0
MP,Anuppur,0,0,0,0,73,1328,0,0,0,0,0,0,0,0,0,0,0,0,995,18360,0,0,0,0,9/19/2020,0,0,749521,9238,89,9140,3424,481238,164712,0
MP,Bhopal,2,0,0,0,66,646,2,27,0,0,0,0,0,27,38,0,0,0,4130,38750,38,0,0,0,9/19/2020,0,0,2368145,123552,972,122121,245166,2012966,1168682,67
MP,Damoh,0,0,0,0,39,982,0,0,0,0,0,0,0,0,0,0,0,0,4298,52314,0,0,0,0,9/19/2020,0,0,1263703,8120,186,7841,16564,844557,326505,0
MP,Khargone,0,0,0,0,922,5304,0,0,0,0,0,0,0,0,0,0,0,0,3049,32932,0,0,0,0,9/19/2020,0,0,1872413,13970,239,13716,38413,1147444,411114,0
MP,Sagar,2,0,0,0,23,343,2,6,0,0,0,0,0,6,2,0,0,0,6321,60800,2,0,0,0,9/19/2020,0,0,2378295,16622,390,16154,64801,1563245,760746,10
MP,Satna,0,0,0,0,37,303,0,0,0,0,0,0,0,0,0,0,0,0,3426,40519,0,0,0,0,9/19/2020,0,0,2228619,11965,133,11829,28159,1532585,481540,0
MP,Seoni,0,0,0,0,15,402,0,0,0,0,0,0,0,0,0,0,0,0,2162,38081,0,0,0,0,9/19/2020,0,0,1378876,6775,28,6739,15024,945564,341871,0
MP,Shahdol,0,0,0,0,20,426,0,0,0,0,0,0,0,0,0,0,0,0,857,22928,0,0,0,0,9/19/2020,0,0,1064989,10085,118,9958,18177,723227,337272,0
MP,Ujjain,0,0,0,0,27,1323,0,1,0,0,0,0,0,1,1,0,0,0,4210,65566,1,0,0,0,9/19/2020,0,0,1986864,18903,172,18720,31631,1452247,836514,2
MP,Bhind,0,0,0,0,29,1176,0,1,0,0,0,0,0,1,0,0,0,0,1525,30042,0,0,0,0,11/16/2020,0,0,1703562,2995,32,2960,44395,1034374,351065,1
MP,Barwani,0,0,0,0,76,542,0,0,0,0,0,0,0,0,0,0,0,0,1615,16619,0,0,0,0,11/19/2020,0,0,1385659,8366,90,8267,41588,788872,225336,0
MP,Shivpuri,0,0,0,0,883,13988,0,0,0,0,0,0,0,0,0,0,0,0,3082,38901,0,0,0,0,11/19/2020,0,0,1725818,12398,125,12261,47270,1109976,391707,0
MP,Umaria,0,0,0,0,9,93,0,0,0,0,0,0,0,0,0,0,0,0,955,28084,0,0,0,0,11/19/2020,0,0,643579,6294,63,6224,54811,455492,196492,0
MP,Niwari,0,0,0,0,0,0,0,0,0,0,0,0,0,0,0,0,0,0,0,0,0,0,0,0,11/29/2020,0,0,0,3715,48,3654,22574,0,0,0
MP,Raisen,0,0,0,0,39,222,0,0,0,0,0,0,0,0,0,0,0,0,1644,22044,0,0,0,0,11/29/2020,0,0,1331699,9238,194,9030,44343,885585,333022,0
MP,Ratlam,0,0,0,0,14,251,0,0,0,0,0,0,0,0,0,0,0,0,1894,51080,0,0,0,0,11/29/2020,0,0,1454483,17860,385,17438,51736,1026416,457972,0
MP,Sehore,0,0,0,0,5,256,0,0,0,0,0,0,0,0,0,0,0,0,2325,32101,0,0,0,0,11/29/2020,0,0,1311008,10136,73,10057,45061,909045,396375,0
MP,Sheopur,0,0,0,0,236,1788,0,0,0,0,0,0,0,0,0,0,0,0,1338,16952,0,0,0,0,11/29/2020,0,0,687952,4000,78,3919,31449,413195,140296,0
MP,Tikamgarh,0,0,0,0,60,297,0,0,0,0,0,0,0,0,0,0,0,0,3331,24497,0,0,0,0,11/29/2020,0,0,1444920,6863,114,6742,43011,919592,293885,0
MP,Dhar,1,0,0,0,39,306,1,6,0,0,0,0,0,6,7,0,0,0,5034,83699,7,0,0,0,2/12/2020,0,0,2184672,12572,130,12388,62597,1371226,536214,14
MP,Harda,0,0,0,0,14,210,0,0,0,0,0,0,0,0,0,0,0,0,1075,24810,0,0,0,0,2/12/2020,0,0,570302,5055,96,4954,36708,394641,159293,0
MP,Datia,0,0,0,0,521,10316,0,0,0,0,0,0,0,0,0,0,0,0,1963,45226,0,0,0,0,4/12/2020,0,0,786375,6959,78,6874,40322,560238,296233,0
MP,Guna,0,0,0,0,630,5023,0,0,0,0,0,0,0,0,0,0,0,0,3347,32837,0,0,0,0,4/12/2020,0,0,1240938,5132,44,5085,40229,821399,284155,0
MP,Gwalior,0,0,0,0,531,1715,0,0,0,0,0,0,0,0,2,0,0,0,8800,41193,2,0,0,0,4/12/2020,0,0,2030543,53106,633,52427,206696,1452149,730150,2
MP,Hoshangabad,0,0,0,0,10,206,0,0,0,0,0,0,0,0,0,0,0,0,1498,39507,0,0,0,0,4/12/2020,0,0,1240975,10688,99,10570,46294,865566,369945,0
MP,Jhabua,0,0,0,0,50,222,0,1,0,0,0,0,0,1,1,0,0,0,3578,21040,1,0,0,0,4/12/2020,0,0,1024091,7691,64,7619,52146,607542,185320,2
MP,Mandsaur,0,0,0,0,4,130,0,0,0,0,0,0,0,0,0,0,0,0,2058,37337,0,0,0,0,4/12/2020,0,0,1339832,8637,84,8552,52733,948065,330902,0
MP,Neemuch,0,0,0,0,16,359,0,0,0,0,0,0,0,0,0,0,0,0,970,17955,0,0,0,0,4/12/2020,0,0,825958,7926,84,7828,57292,579489,229183,0
MP,Rajgarh,1,0,0,0,10,144,1,7,0,0,0,0,0,7,1,0,0,0,2483,41531,1,0,0,0,4/12/2020,0,0,1546541,8729,172,8490,46604,1025584,450099,9
MP,Vidisha,0,0,0,0,11,253,0,1,0,0,0,0,0,1,0,0,0,0,1222,26130,0,0,0,0,4/12/2020,0,0,1458212,11922,237,11677,65935,975291,349024,1
MP,Chhatarpur,0,0,0,0,56,1310,0,1,0,0,0,0,0,1,0,0,0,0,3103,27937,0,0,0,0,9/12/2020,0,0,1762857,7609,91,7506,50518,1093616,336309,1
MP,Katni,0,0,0,0,57,879,0,0,0,0,0,0,0,0,0,0,0,0,2926,42360,0,0,0,0,12/18/2020,0,0,1291684,9366,120,9242,56828,865274,306259,0
MP,Narsinghpur,0,0,0,0,10,224,0,1,0,0,0,0,0,1,5,0,0,0,1266,34365,5,0,0,0,1/30/2021,0,0,1092141,11209,81,11115,90600,803225,318284,6
MP,Ashoknagar,0,0,0,0,10,131,0,0,0,0,0,0,0,0,0,0,0,0,1258,17334,0,0,0,0,1/31/2021,0,0,844979,3670,57,3613,55792,550087,186066,0
MP,Betul,0,0,0,0,22,547,0,1,0,0,0,0,0,1,1,0,0,0,2361,31953,1,0,0,0,1/31/2021,0,0,1575247,12905,277,12590,68036,1042931,343674,2
MP,Chhindwara,0,0,0,0,18,261,0,0,0,0,0,0,0,0,2,0,0,0,4654,93453,2,0,0,0,1/31/2021,0,0,2090306,6734,120,6612,79090,1624355,591843,2
MP,Dewas,0,0,0,0,11,386,0,0,0,0,0,0,0,0,0,0,0,0,1804,22992,0,0,0,0,1/31/2021,0,0,1563107,7723,51,7672,96155,1005266,477219,0
MP,Indore,8,0,0,0,76,894,8,8,0,0,0,0,0,8,39,0,0,0,4233,45203,39,0,0,0,1/31/2021,0,0,3272335,153230,1391,151410,780266,2951024,1728945,55
MP,Jabalpur,0,0,0,0,726,19681,0,2,0,0,0,0,0,2,3,0,0,0,5968,156306,3,0,0,0,1/2/2021,0,0,2460714,50779,670,49896,293923,1957070,1099359,5
MP,Morena,0,0,0,0,50,1667,0,0,0,0,0,0,0,0,0,0,0,0,2814,112629,0,0,0,0,1/2/2021,0,0,1965137,8236,95,8135,90967,1295658,582833,0
MP,Shajapur,0,0,0,0,43,851,0,0,0,0,0,0,0,0,0,0,0,0,1971,51596,0,0,0,0,1/2/2021,0,0,1512353,6349,74,6273,56805,620316,278912,0
MP,Agar Malwa,0,0,0,0,12,107,0,0,0,0,0,0,0,0,0,0,0,0,965,16911,0,0,0,0,1/2/2021,0,0,0,3303,68,3235,0,424846,128822,0
MP,Alirajpur,0,0,0,0,10,40,0,0,0,0,0,0,0,0,0,0,0,0,921,8076,0,0,0,0,1/2/2021,0,0,728677,3505,48,3453,0,369571,114601,0
MP,Mandla,0,0,0,0,6,72,0,0,0,0,0,0,0,0,0,0,0,0,2286,53670,0,0,0,0,1/2/2021,0,0,1053522,5188,25,5159,0,684882,246724,0
MP,Panna,0,0,0,0,144,985,0,0,0,0,0,0,0,0,0,0,0,0,2633,18657,0,0,0,0,1/2/2021,0,0,1016028,7331,63,7250,0,600823,168120,0
MP,Raigarh,0,0,0,0,0,0,0,0,0,0,0,0,0,0,0,0,0,0,0,0,0,0,0,0,1/2/2021,0,0,0,1,0,0,0,0,0,0
MP,Singrauli,0,0,0,0,43,305,0,0,0,0,0,0,0,0,1,0,0,0,3052,21200,1,0,0,0,1/2/2021,0,0,1178132,8801,82,8706,0,740335,224966,1
MP,Unknown,0,0,8,0,0,0,0,0,0,0,0,0,0,0,0,1,74,0,0,0,0,0,0,0,1/2/2021,0,0,0,1416,1493,1632,0,0,0,0
MZ,Aizawl,361,1,365,0,0,0,361,3869,0,0,0,0,0,3869,1996,6,3014,0,443,3740,1996,0,0,0,11/27/2020,0,0,404054,75111,300,71337,0,315706,239593,6226
MZ,Champhai,33,0,40,0,0,0,33,407,0,0,0,0,0,407,299,3,319,0,344,572,299,0,0,0,12/1/2020,0,0,125370,5188,11,4745,0,74122,55251,739
MZ,Hnahthial,1,0,29,0,0,0,1,136,0,0,0,0,0,136,143,0,185,0,0,0,143,0,0,0,12/5/2020,0,0,0,1020,3,857,0,0,0,280
MZ,Khawzawl,2,0,0,0,0,0,2,33,0,0,0,0,0,33,42,0,26,0,0,0,42,0,0,0,12/9/2020,0,0,0,733,0,688,0,0,0,77
MZ,Kolasib,10,0,2,0,0,0,10,165,0,0,0,0,0,165,94,0,154,0,153,738,94,0,0,0,12/13/2020,0,0,83054,7721,30,7561,0,50525,33101,269
MZ,Lawngtlai,14,0,13,0,129,0,14,274,0,0,0,0,0,274,98,1,245,0,2765,1838,98,0,0,0,12/17/2020,0,0,117444,6740,23,6553,0,55877,25870,386
MZ,Lunglei,71,0,36,0,0,0,71,642,0,0,0,0,0,642,662,1,507,0,263,1493,662,0,0,0,12/21/2020,0,0,154094,9842,27,9053,0,95129,73298,1375
MZ,Mamit,19,0,0,0,0,0,19,308,0,0,0,0,0,308,241,5,265,0,228,1322,241,0,0,0,12/25/2020,0,0,85757,4854,12,4448,0,43678,28873,568
MZ,Saiha,0,1,37,0,0,39,0,420,0,0,0,0,0,420,107,5,345,0,68,1116,107,0,0,0,12/29/2020,0,0,56366,5469,14,5304,0,34626,19984,527
MZ,Saitual,3,0,21,0,0,0,3,28,0,0,0,0,0,28,30,0,53,0,0,0,30,0,0,0,1/2/2021,0,0,0,471,2,420,0,0,0,61
MZ,Serchhip,65,0,67,0,0,0,65,488,0,0,0,0,0,488,386,0,572,0,36,431,386,0,0,0,1/6/2021,0,0,64875,4210,10,3646,0,41932,36047,939
NL,Dimapur,3,1,13,0,-1,2,3,74,0,0,0,0,0,74,68,2,73,0,2827,12731,68,0,0,0,11/12/2020,0,0,379769,14684,421,13471,47020,268405,175502,145
NL,Kiphire,0,0,0,0,61,124,0,0,0,0,0,0,0,0,2,0,1,0,116,357,2,0,0,0,11/12/2020,0,0,74033,258,9,246,1002,13017,8141,2
NL,Kohima,4,0,0,0,0,0,4,33,0,0,0,0,0,33,23,0,24,0,509,3038,23,0,0,0,11/12/2020,0,0,270063,9461,123,9095,33986,105758,82602,60
NL,Longleng,0,0,0,0,0,0,0,8,0,0,0,0,0,8,0,0,7,0,26,181,0,0,0,0,11/12/2020,0,0,50593,307,2,286,1193,20577,15446,8
NL,Mokokchung,3,0,2,0,0,0,3,7,0,0,0,0,0,7,23,2,5,0,146,2026,23,0,0,0,11/12/2020,0,0,193171,2333,54,2186,3976,69198,54730,33
NL,Mon,0,0,0,0,20,28,0,0,0,0,0,0,0,0,1,0,0,0,243,1864,1,0,0,0,11/12/2020,0,0,259604,1159,14,1124,12278,70054,48331,1
NL,Peren,0,0,0,0,1,29,0,5,0,0,0,0,0,5,1,0,1,0,189,613,1,0,0,0,11/12/2020,0,0,163294,920,6,897,5717,19956,12514,6
NL,Phek,0,0,0,0,21,168,0,5,0,0,0,0,0,5,4,0,1,0,99,496,4,0,0,0,11/12/2020,0,0,163294,601,18,568,2779,31241,20746,9
NL,Tuensang,1,0,6,0,41,122,1,28,0,0,0,0,0,28,2,1,28,0,106,525,2,0,0,0,11/12/2020,0,0,414801,1094,12,1077,4887,38130,26725,31
NL,Wokha,0,0,0,0,11,232,0,2,0,0,0,0,0,2,6,0,4,0,122,1074,6,0,0,0,11/12/2020,0,0,166239,402,11,361,1390,35138,23577,8
NL,Zunheboto,0,0,0,0,36,106,0,0,0,0,0,0,0,0,0,1,0,0,331,807,0,0,0,0,11/12/2020,0,0,141014,623,15,593,2131,38077,22337,0
OR,Balasore,5,0,14,0,929,519,5,94,0,0,0,0,0,94,67,1,80,0,78274,35314,67,0,0,0,5/17/2020,0,0,2317419,40787,299,40389,9843,1351099,534318,166
OR,Boudh,0,0,0,0,496,1585,0,3,0,0,0,0,0,3,0,0,4,0,7009,16754,0,0,0,0,5/17/2020,0,0,439917,12634,112,12488,496,259325,92297,3
OR,Cuttack,54,0,29,0,2729,1129,54,326,0,0,0,0,0,326,277,1,304,0,75381,45717,277,0,0,0,5/17/2020,0,0,2618708,94631,857,93404,5720,1434524,702278,657
OR,Deogarh,2,0,3,0,1,136,2,4,0,0,0,0,0,4,41,0,10,0,1126,4779,41,0,0,0,5/17/2020,0,0,312164,6553,50,6460,682,223405,63727,47
OR,Gajapati,5,0,0,0,296,1193,5,11,0,0,0,0,0,11,15,0,11,0,4770,10942,15,0,0,0,5/17/2020,0,0,575880,9657,84,9555,715,288963,115535,31
OR,Jharsuguda,3,0,0,0,0,0,3,11,0,0,0,0,0,11,13,0,10,0,7187,14725,13,0,0,0,5/17/2020,0,0,579499,23863,176,23673,1663,399523,189682,27
OR,Kalahandi,2,0,0,0,1476,537,2,5,0,0,0,0,0,5,15,0,1,0,38214,26926,15,0,0,0,5/17/2020,0,0,1573054,24314,210,24082,1458,921185,304778,22
OR,Kandhamal,0,0,0,0,847,529,0,2,0,0,0,0,0,2,0,0,5,0,12881,12319,0,0,0,0,5/17/2020,0,0,731952,11537,83,11453,1516,384009,150737,2
OR,Koraput,1,0,2,0,935,2024,1,23,0,0,0,0,0,23,11,0,20,0,13011,35701,11,0,0,0,5/17/2020,0,0,1376934,19137,78,19044,1401,860773,399063,35
OR,Malkangiri,0,0,3,0,2497,2000,0,2,0,0,0,0,0,2,2,0,4,0,13449,16141,2,0,0,0,5/17/2020,0,0,612727,11667,49,11613,1841,391790,137925,4
OR,Mayurbhanj,19,1,8,0,2985,654,19,129,0,0,0,0,0,129,126,5,93,0,86170,36315,126,0,0,0,5/17/2020,0,0,2513895,40844,286,40416,3307,1222153,413698,274
OR,Nayagarh,2,0,3,0,29,117,2,33,0,0,0,0,0,33,28,1,24,0,7145,22575,28,0,0,0,5/17/2020,0,0,962215,23505,212,23261,1104,593612,222606,63
OR,Nuapada,1,0,3,0,6,58,1,11,0,0,0,0,0,11,36,0,5,0,3391,14721,36,0,0,0,5/17/2020,0,0,606490,22924,84,22803,310,402248,129685,48
OR,Rayagada,6,0,3,0,537,2019,6,14,0,0,0,0,0,14,18,0,16,0,5781,16558,18,0,0,0,5/17/2020,0,0,961959,20224,167,19981,578,549767,184420,38
OR,Sambalpur,13,0,24,0,574,1479,13,62,0,0,0,0,0,62,88,0,113,0,8960,31518,88,0,0,0,5/17/2020,0,0,1044410,31651,240,31315,2007,768989,418110,163
OR,Jajpur,9,0,8,0,2,9,9,76,0,0,0,0,0,76,75,0,73,0,30726,37471,75,0,0,0,8/23/2020,0,0,1826275,43735,172,43461,53956,1087735,383313,160
OR,Jagatsinghpur,9,0,12,0,-2,2,9,72,0,0,0,0,0,72,76,1,78,0,28276,25051,76,0,0,0,9/15/2020,0,0,1136604,27920,316,27510,46648,677675,272499,157
OR,Balangir,0,0,0,0,0,0,0,17,0,0,0,0,0,17,4,0,15,0,20119,39059,4,0,0,0,11/10/2020,0,0,1648574,23397,126,23257,87867,960786,299153,21
OR,Kendrapara,8,0,8,0,1452,1179,8,88,0,0,0,0,0,88,62,1,52,0,28635,34297,62,0,0,0,10/19/2020,0,0,1439891,24860,252,24545,382732,916169,347854,158
OR,Puri,15,1,7,0,2991,6548,15,91,0,0,0,0,0,91,68,1,69,0,25187,40854,68,0,0,0,1/12/2020,0,0,1697983,45431,459,44903,173340,1078666,523160,174
OR,Nabarangapur,0,0,0,0,0,0,0,6,0,0,0,0,0,6,1,0,2,0,13213,18025,1,0,0,0,1/25/2021,0,0,1218762,23549,86,23461,162154,675601,188457,7
OR,Angul,1,0,3,0,9,38,1,18,0,0,0,0,0,18,16,2,20,0,21629,23378,16,0,0,0,1/27/2021,0,0,1271703,43920,393,43506,172873,786278,291800,35
OR,Bhadrak,3,0,7,0,0,17,3,32,0,0,0,0,0,32,44,1,39,0,14511,38206,44,0,0,0,1/31/2021,0,0,1506522,26480,150,26260,258173,1026493,367945,79
OR,Dhenkanal,5,0,0,0,92,104,5,14,0,0,0,0,0,14,25,0,16,0,18302,23327,25,0,0,0,1/31/2021,0,0,1192948,19871,243,19598,179477,738406,282859,44
OR,Ganjam,8,0,2,0,438,1848,8,25,0,0,0,0,0,25,22,0,18,0,27002,112716,22,0,0,0,1/31/2021,0,0,3520151,33849,485,33342,750442,2214981,1698328,55
OR,Kendujhar,1,0,2,0,483,613,1,20,0,0,0,0,0,20,4,2,3,0,25529,46488,4,0,0,0,1/2/2021,0,0,1802777,20980,175,20798,474504,1087285,376311,25
OR,Bargarh,0,0,1,0,169,30,0,18,0,0,0,0,0,18,18,0,16,0,52192,32028,18,0,0,0,1/2/2021,0,0,1478833,31126,335,30762,0,829092,283966,36
OR,Khordha,250,2,243,0,568,1482,250,1704,0,0,0,0,0,1704,1492,8,1654,0,34733,49859,1492,0,0,0,1/2/2021,0,0,2246341,175335,1552,171938,0,2063646,1502538,3446
OR,State Pool,53,0,57,0,0,0,53,407,0,0,0,0,0,407,338,0,401,0,0,0,338,0,0,0,1/2/2021,0,0,0,32048,0,31587,0,0,0,798
OR,Subarnapur,0,0,0,0,0,0,0,5,0,0,0,0,0,5,5,0,3,0,8102,31803,5,0,0,0,1/2/2021,0,0,652107,13187,61,13115,0,418336,192102,10
OR,Sundargarh,13,0,8,0,824,340,13,58,0,0,0,0,0,58,59,0,71,0,19935,22587,59,0,0,0,1/2/2021,0,0,2080664,61841,594,61167,0,1122762,490428,130
PB,Amritsar,4,0,1,0,232,251,4,8,0,0,0,0,0,8,23,2,9,0,23376,18084,23,0,0,0,2/9/2020,0,0,2490891,47379,1598,45757,89227,1263073,446487,35
PB,Faridkot,1,0,1,0,154,241,1,7,0,0,0,0,0,7,7,0,7,0,3048,4201,7,0,0,0,2/9/2020,0,0,618008,13927,315,13602,23635,330654,128653,15
PB,Kapurthala,0,0,0,0,93,174,0,8,0,0,0,0,0,8,2,0,7,0,5387,6146,2,0,0,0,2/9/2020,0,0,817668,17852,556,17294,38658,465285,187476,10
PB,Mansa,0,0,0,0,128,166,0,1,0,0,0,0,0,1,0,0,1,0,5340,4111,0,0,0,0,2/9/2020,0,0,768808,15606,380,15226,26878,372366,89830,1
PB,Pathankot,6,0,1,0,52,278,6,14,0,0,0,0,0,14,20,0,7,0,1762,6090,20,0,0,0,2/9/2020,0,0,626154,18814,419,18373,29112,424889,196822,40
PB,S.A.S. Nagar,3,0,5,0,95,425,3,27,0,0,0,0,0,27,18,0,21,0,4914,9234,18,0,0,0,2/9/2020,0,0,986147,68821,1068,67726,41532,872096,402212,48
PB,Fazilka,1,0,1,0,249,177,1,6,0,0,0,0,0,6,8,0,4,0,8408,5707,8,0,0,0,10/12/2020,0,0,1180483,20271,528,19729,63589,490080,131519,15
PB,Sri Muktsar Sahib,0,0,0,0,91,149,0,0,0,0,0,0,0,0,2,0,0,0,3942,5830,2,0,0,0,12/12/2020,0,0,902702,18784,524,18257,67979,473193,142901,2
PB,Tarn Taran,0,0,0,0,251,127,0,3,0,0,0,0,0,3,0,0,3,0,8846,8145,0,0,0,0,12/18/2020,0,0,1120070,8043,380,7659,111446,597303,178839,3
PB,Sangrur,1,0,1,0,219,157,1,3,0,0,0,0,0,3,3,0,3,0,13224,9058,3,0,0,0,12/19/2020,0,0,1654408,15762,875,14884,166332,730511,218820,7
PB,Barnala,0,0,0,0,629,291,0,2,0,0,0,0,0,2,2,0,0,0,9552,5253,2,0,0,0,12/20/2020,0,0,596294,5950,244,5696,63447,328464,104197,4
PB,Bathinda,1,0,0,0,110,182,1,10,0,0,0,0,0,10,15,0,8,0,8246,6940,15,0,0,0,12/20/2020,0,0,1388859,41728,1042,40668,118489,623604,202311,26
PB,Fatehgarh Sahib,0,0,0,0,9,17,0,2,0,0,0,0,0,2,2,1,1,0,2513,4804,2,0,0,0,12/20/2020,0,0,599814,8876,335,8538,68436,354921,135247,4
PB,Ferozepur,4,0,3,0,130,73,4,6,0,0,0,0,0,6,13,0,9,0,4483,4723,13,0,0,0,12/20/2020,0,0,2026831,14347,504,13832,74880,476343,128043,23
PB,Gurdaspur,0,0,0,0,459,351,0,1,0,0,0,0,0,1,3,1,3,0,18212,26825,3,0,0,0,12/20/2020,0,0,2299026,22381,801,21576,249039,862133,415351,4
PB,Hoshiarpur,2,1,2,0,87,211,2,12,0,0,0,0,0,12,10,2,12,0,6567,17487,10,0,0,0,12/20/2020,0,0,1582793,30822,986,29828,221261,1000636,574716,24
PB,Jalandhar,1,0,1,0,167,507,1,14,0,0,0,0,0,14,20,1,12,0,13877,22309,20,0,0,0,12/20/2020,0,0,2181753,63396,1496,61864,443735,1433553,681370,35
PB,Ludhiana,0,0,4,0,327,276,0,15,0,0,0,0,0,15,16,1,24,0,41184,30055,16,0,0,0,12/20/2020,0,0,3487882,87608,2106,85484,514691,2473646,943401,31
PB,Moga,0,0,0,0,9,7,0,2,0,0,0,0,0,2,1,0,8,0,5076,6757,1,0,0,0,12/20/2020,0,0,992289,8675,233,8440,77307,541556,178908,3
PB,Patiala,0,0,2,0,239,526,0,12,0,0,0,0,0,12,6,0,15,0,7659,10721,6,0,0,0,12/20/2020,0,0,2892282,48927,1358,47561,273344,1051467,396473,18
PB,Rupnagar,2,0,3,0,88,202,2,3,0,0,0,0,0,3,20,0,7,0,1965,5708,20,0,0,0,12/20/2020,0,0,683349,12963,423,12517,97745,384637,182919,25
PB,Shahid Bhagat Singh Nagar,0,0,0,0,54,78,0,3,0,0,0,0,0,3,1,0,1,0,2473,4917,1,0,0,0,12/20/2020,0,0,614362,11469,388,11080,77715,392113,172294,4
PY,Karaikal,6,0,9,0,2,22,6,69,0,0,0,0,0,69,53,0,63,0,763,2980,53,0,0,0,1/27/2021,0,0,200222,16488,250,16150,73142,111152,57491,128
PY,Mahe,10,0,10,0,0,0,10,44,0,0,0,0,0,44,58,0,46,0,109,1003,58,0,0,0,1/27/2021,0,0,41816,5867,47,5744,42415,34018,25943,112
PY,Puducherry,22,0,25,0,159,477,22,218,0,0,0,0,0,218,163,0,202,0,7191,15005,163,0,0,0,1/27/2021,0,0,950289,98885,1453,97171,425639,558708,305464,403
PY,Yanam,0,0,1,0,8,31,0,12,0,0,0,0,0,12,4,0,4,0,259,1082,4,0,0,0,1/27/2021,0,0,55626,6773,107,6661,26727,30079,15489,16
RJ,Ajmer,0,0,0,0,110,1101,0,5,0,0,0,0,0,5,6,0,8,0,9133,56199,6,0,0,0,1/2/2021,0,0,2584913,37769,410,37352,261215,1752308,1042482,11
RJ,Alwar,0,0,0,0,376,1002,0,0,0,0,0,0,0,0,0,0,0,0,21681,29417,0,0,0,0,1/2/2021,0,0,3671999,59694,307,59387,291879,2237787,1029095,0
RJ,Banswara,0,0,0,0,986,1105,0,0,0,0,0,0,0,0,0,0,0,0,10612,22206,0,0,0,0,1/2/2021,0,0,1798194,10005,104,9901,48781,1024293,525793,0
RJ,Baran,0,0,0,0,44,212,0,0,0,0,0,0,0,0,1,0,0,0,6599,15157,1,0,0,0,1/2/2021,0,0,1223921,11996,61,11934,46168,763006,297741,1
RJ,Barmer,0,0,0,0,64,247,0,0,0,0,0,0,0,0,1,0,0,0,5670,16673,1,0,0,0,1/2/2021,0,0,2604453,15563,185,15377,113868,1455732,621465,1
RJ,Bharatpur,0,0,0,0,59,176,0,0,0,0,0,0,0,0,0,0,0,0,10069,22595,0,0,0,0,1/2/2021,0,0,2549121,19601,260,19341,201441,1351114,590401,0
RJ,Bhilwara,0,0,0,0,161,1752,0,0,0,0,0,0,0,0,0,0,0,0,5405,26146,0,0,0,0,1/2/2021,0,0,2410459,29781,156,29625,148764,1525323,723691,0
RJ,Bikaner,0,0,1,0,76,275,0,7,0,0,0,0,0,7,2,0,1,0,6565,17712,2,0,0,0,1/2/2021,0,0,2367745,40339,545,39792,278302,1461174,714590,9
RJ,Bundi,0,0,0,0,424,1216,0,0,0,0,0,0,0,0,0,0,0,0,12488,24243,0,0,0,0,1/2/2021,0,0,1113725,7967,48,7919,58167,709316,362835,0
RJ,Chittorgarh,0,0,0,0,21,43,0,0,0,0,0,0,0,0,0,0,0,0,6118,29167,0,0,0,0,1/2/2021,0,0,1544392,19809,139,19670,116002,978713,482350,0
RJ,Churu,0,0,0,0,5,32,0,0,0,0,0,0,0,0,0,0,0,0,5483,26038,0,0,0,0,1/2/2021,0,0,2041172,16720,107,16613,131700,1301558,582443,0
RJ,Dausa,0,0,0,0,182,1072,0,0,0,0,0,0,0,0,0,0,0,0,5627,29672,0,0,0,0,1/2/2021,0,0,1637226,13351,62,13289,61680,941513,395584,0
RJ,Dholpur,0,0,1,0,45,83,0,1,0,0,0,0,0,1,0,0,2,0,4270,11868,0,0,0,0,1/2/2021,0,0,1207293,11010,48,10962,121308,660103,279501,1
RJ,Dungarpur,0,0,0,0,90,246,0,0,0,0,0,0,0,0,0,0,0,0,6673,19241,0,0,0,0,1/2/2021,0,0,1388906,18407,131,18276,121917,737200,349762,0
RJ,Ganganagar,0,0,0,0,749,1957,0,0,0,0,0,0,0,0,1,0,0,0,11153,29478,1,0,0,0,1/2/2021,0,0,1969520,19354,150,19203,80706,1278952,525137,1
RJ,Hanumangarh,0,0,0,0,72,478,0,0,0,0,0,0,0,0,0,0,0,0,5057,30733,0,0,0,0,1/2/2021,0,0,1779650,16053,111,15942,82542,1230511,588688,0
RJ,Jaipur,2,0,0,0,570,1871,2,9,0,0,0,0,0,9,16,0,9,0,24518,63582,16,0,0,0,1/2/2021,0,0,6663971,187804,1970,185816,968783,4582410,2189042,27
RJ,Jaisalmer,0,0,0,0,199,474,0,0,0,0,0,0,0,0,0,0,0,0,2951,9700,0,0,0,0,1/2/2021,0,0,672008,13639,66,13573,80082,416014,194163,0
RJ,Jalore,0,0,0,0,309,738,0,0,0,0,0,0,0,0,0,0,0,0,9304,26896,0,0,0,0,1/2/2021,0,0,1830151,10067,72,9995,184172,987519,393953,0
RJ,Jhalawar,0,0,0,0,359,2133,0,1,0,0,0,0,0,1,0,0,0,0,2527,16443,0,0,0,0,1/2/2021,0,0,1411327,13612,187,13425,97163,922646,363082,1
RJ,Jhunjhunu,0,0,0,0,267,1682,0,0,0,0,0,0,0,0,0,0,0,0,7946,42099,0,0,0,0,1/2/2021,0,0,2139658,14811,158,14653,123433,1449967,787196,0
RJ,Jodhpur,0,0,0,0,26,93,0,2,0,0,0,0,0,2,0,0,3,0,7707,22507,0,0,0,0,1/2/2021,0,0,3685681,112412,1103,111308,600959,2263325,1036743,2
RJ,Karauli,0,0,0,0,1578,993,0,0,0,0,0,0,0,0,0,0,0,0,19063,20813,0,0,0,0,1/2/2021,0,0,1458459,7156,70,7086,64481,813922,395700,0
RJ,Kota,0,0,0,0,170,2306,0,0,0,0,0,0,0,0,0,0,0,0,2612,26626,0,0,0,0,1/2/2021,0,0,1950491,57053,449,56603,355509,1269245,655588,0
RJ,Nagaur,0,0,0,0,636,3335,0,0,0,0,0,0,0,0,0,0,0,0,6806,36157,0,0,0,0,1/2/2021,0,0,3309234,17737,177,17560,229822,2077555,1016874,0
RJ,Pali,0,0,0,0,704,3089,0,1,0,0,0,0,0,1,0,0,1,0,7082,26853,0,0,0,0,1/2/2021,0,0,2038533,27324,287,27037,179463,1200554,513058,1
RJ,Pratapgarh,0,0,0,0,39,298,0,0,0,0,0,0,0,0,0,0,0,0,1130,25717,0,0,0,0,1/2/2021,0,0,868231,7143,63,7080,52208,655140,345189,0
RJ,Rajsamand,0,0,0,0,345,988,0,0,0,0,0,0,0,0,0,0,0,0,4092,14945,0,0,0,0,1/2/2021,0,0,1158283,17044,169,16875,91975,691497,299553,0
RJ,Sawai Madhopur,0,0,0,0,268,844,0,2,0,0,0,0,0,2,0,0,2,0,8475,18843,0,0,0,0,1/2/2021,0,0,1338114,10618,61,10557,84683,756544,347992,2
RJ,Sikar,0,0,0,0,39,130,0,0,0,0,0,0,0,0,0,0,0,0,4520,20308,0,0,0,0,1/2/2021,0,0,2677737,30618,335,30283,165042,1838263,821713,0
RJ,Sirohi,0,0,0,0,480,589,0,0,0,0,0,0,0,0,0,0,0,0,9007,15482,0,0,0,0,1/2/2021,0,0,1037185,13732,79,13653,84616,610090,348789,0
RJ,Tonk,0,0,0,0,48,268,0,0,0,0,0,0,0,0,0,0,0,0,2623,16223,0,0,0,0,1/2/2021,0,0,1421711,9498,92,9406,74225,884688,419023,0
RJ,Udaipur,0,0,0,0,1169,2727,0,3,0,0,0,0,0,3,0,0,0,0,16803,51655,0,0,0,0,1/2/2021,0,0,3067549,56405,753,55652,251522,1715072,854773,3
RJ,BSF Camp,0,0,0,0,0,0,0,0,0,0,0,0,0,0,0,0,0,0,0,0,0,0,0,0,1/2/2021,0,0,0,85,0,85,0,0,0,0
RJ,Evacuees,0,0,0,0,0,0,0,0,0,0,0,0,0,0,0,0,0,0,0,0,0,0,0,0,1/2/2021,0,0,0,61,0,61,0,0,0,0
RJ,Italians,0,0,0,0,0,0,0,0,0,0,0,0,0,0,0,0,0,0,0,0,0,0,0,0,1/2/2021,0,0,0,2,0,2,0,0,0,0
SK,East Sikkim,0,0,0,0,0,0,0,0,0,0,0,0,0,0,0,0,0,0,528,10519,0,0,0,0,12/17/2020,0,0,281293,0,0,0,0,263526,229361,0
SK,North Sikkim,0,0,0,0,0,0,0,0,0,0,0,0,0,0,0,0,0,0,23,447,0,0,0,0,12/24/2020,0,0,43354,0,0,0,0,33137,27820,0
SK,South Sikkim,0,0,0,0,0,0,0,0,0,0,0,0,0,0,0,0,0,0,164,2223,0,0,0,0,12/31/2020,0,0,146742,0,0,0,0,121481,105432,0
SK,Unknown,21,1,8,0,0,0,21,82,0,0,0,0,0,82,79,2,76,0,0,0,79,0,0,0,1/7/2021,0,0,0,31979,396,31063,0,0,0,182
SK,West Sikkim,0,0,0,0,0,0,0,0,0,0,0,0,0,0,0,0,0,0,67,855,0,0,0,0,1/14/2021,0,0,136299,0,0,0,0,103619,88896,0
TG,Adilabad,0,0,0,0,165,138,0,0,0,0,0,0,0,0,0,0,0,0,11894,12694,0,0,0,0,11/27/2020,0,0,708952,0,0,0,0,376263,89337,0
TG,Bhadradri Kothagudem,0,0,0,0,1570,1314,0,0,0,0,0,0,0,0,0,0,0,0,30988,31905,0,0,0,0,11/27/2020,0,0,1304811,0,0,0,0,599183,204318,0
TG,Hyderabad,0,0,0,0,3334,5427,0,0,0,0,0,0,0,0,0,0,0,0,48855,123025,0,0,0,0,11/27/2020,0,0,3441992,0,0,0,0,3150245,1893217,0
TG,Jagtial,0,0,0,0,0,0,0,0,0,0,0,0,0,0,0,0,0,0,50253,17153,0,0,0,0,11/27/2020,0,0,983414,0,0,0,0,580926,190526,0
TG,Jangaon,0,0,0,0,2637,363,0,0,0,0,0,0,0,0,0,0,0,0,20821,11508,0,0,0,0,11/27/2020,0,0,582457,0,0,0,0,327527,128207,0
TG,Jayashankar Bhupalapally,0,0,0,0,125,262,0,0,0,0,0,0,0,0,0,0,0,0,4191,23712,0,0,0,0,11/27/2020,0,0,712257,0,0,0,0,262313,127108,0
TG,Jogulamba Gadwal,0,0,0,0,496,253,0,0,0,0,0,0,0,0,0,0,0,0,23908,6281,0,0,0,0,11/27/2020,0,0,664971,0,0,0,0,306919,59886,0
TG,Kamareddy,0,0,0,0,320,78,0,0,0,0,0,0,0,0,0,0,0,0,14692,16918,0,0,0,0,11/27/2020,0,0,972625,0,0,0,0,557684,183176,0
TG,Karimnagar,0,0,0,0,65,486,0,0,0,0,0,0,0,0,0,0,0,0,12731,45384,0,0,0,0,11/27/2020,0,0,1016063,0,0,0,0,657167,384862,0
TG,Khammam,0,0,0,0,789,1134,0,0,0,0,0,0,0,0,0,0,0,0,41893,68994,0,0,0,0,11/27/2020,0,0,1401639,0,0,0,0,856707,333812,0
TG,Komaram Bheem,0,0,0,0,569,136,0,0,0,0,0,0,0,0,0,0,0,0,17465,4048,0,0,0,0,12/5/2020,0,0,515835,0,0,0,0,275644,51593,0
TG,Mahabubabad,0,0,0,0,3715,1107,0,0,0,0,0,0,0,0,0,0,0,0,36700,27419,0,0,0,0,12/13/2020,0,0,1318110,0,0,0,0,468199,172007,0
TG,Mahabubnagar,0,0,0,0,609,184,0,0,0,0,0,0,0,0,0,0,0,0,32811,19635,0,0,0,0,12/21/2020,0,0,0,0,0,0,0,482547,150640,0
TG,Mancherial,0,0,0,0,65,27,0,0,0,0,0,0,0,0,0,0,0,0,22489,15600,0,0,0,0,12/29/2020,0,0,807037,0,0,0,0,480069,170258,0
TG,Medak,0,0,0,0,704,589,0,0,0,0,0,0,0,0,0,0,0,0,34422,25162,0,0,0,0,1/6/2021,0,0,767428,0,0,0,0,458648,140778,0
TG,Medchal Malkajgiri,0,0,0,0,5804,8370,0,0,0,0,0,0,0,0,0,0,0,0,54568,93893,0,0,0,0,1/14/2021,0,0,2542203,0,0,0,0,2149958,1317832,0
TG,Mulugu,0,0,0,0,71,85,0,0,0,0,0,0,0,0,0,0,0,0,4190,10660,0,0,0,0,1/22/2021,0,0,294671,0,0,0,0,186104,76648,0
TG,Nagarkurnool,0,0,0,0,730,18,0,0,0,0,0,0,0,0,0,0,0,0,30265,5469,0,0,0,0,1/30/2021,0,0,893308,0,0,0,0,464888,106589,0
TG,Nalgonda,0,0,0,0,859,448,0,0,0,0,0,0,0,0,0,0,0,0,105864,33747,0,0,0,0,2/7/2021,0,0,1631399,0,0,0,0,891308,254218,0
TG,Narayanpet,0,0,0,0,585,48,0,0,0,0,0,0,0,0,0,0,0,0,14266,3428,0,0,0,0,2/15/2021,0,0,566874,0,0,0,0,288388,50219,0
TG,Nirmal,0,0,0,0,744,255,0,0,0,0,0,0,0,0,0,0,0,0,16044,8396,0,0,0,0,2/23/2021,0,0,709415,0,0,0,0,378315,130107,0
TG,Nizamabad,0,0,0,0,276,42,0,0,0,0,0,0,0,0,0,0,0,0,67852,21328,0,0,0,0,3/3/2021,0,0,1534428,0,0,0,0,858574,250862,0
TG,Peddapalli,0,0,0,0,79,40,0,0,0,0,0,0,0,0,0,0,0,0,18954,19908,0,0,0,0,3/11/2021,0,0,795332,0,0,0,0,463510,201940,0
TG,Rajanna Sircilla,0,0,0,0,10,100,0,0,0,0,0,0,0,0,0,0,0,0,7398,17056,0,0,0,0,3/19/2021,0,0,546121,0,0,0,0,372065,144680,0
TG,Ranga Reddy,0,0,0,0,217,1168,0,0,0,0,0,0,0,0,0,0,0,0,76853,93482,0,0,0,0,3/27/2021,0,0,2551731,0,0,0,0,2348542,1291404,0
TG,Sangareddy,0,0,0,0,7628,3083,0,0,0,0,0,0,0,0,0,0,0,0,77693,32539,0,0,0,0,4/4/2021,0,0,1527628,0,0,0,0,851395,299316,0
TG,Siddipet,0,0,0,0,197,187,0,0,0,0,0,0,0,0,0,0,0,0,35164,25015,0,0,0,0,4/12/2021,0,0,993376,0,0,0,0,582450,242462,0
TG,Suryapet,0,0,0,0,20,1,0,0,0,0,0,0,0,0,0,0,0,0,38975,24793,0,0,0,0,4/20/2021,0,0,1099560,0,0,0,0,610724,208278,0
TG,Vikarabad,0,0,0,0,111,12,0,0,0,0,0,0,0,0,0,0,0,0,20014,5848,0,0,0,0,4/28/2021,0,0,881250,0,0,0,0,427669,87989,0
TG,Wanaparthy,0,0,0,0,243,119,0,0,0,0,0,0,0,0,0,0,0,0,13905,10313,0,0,0,0,5/6/2021,0,0,751553,0,0,0,0,289412,81870,0
TG,Warangal Rural,0,0,0,0,2416,1350,0,0,0,0,0,0,0,0,0,0,0,0,25045,13208,0,0,0,0,5/14/2021,0,0,716457,0,0,0,0,342881,105289,0
TG,Warangal Urban,0,0,0,0,42,101,0,0,0,0,0,0,0,0,0,0,0,0,21854,63907,0,0,0,0,5/22/2021,0,0,1135707,0,0,0,0,687410,418947,0
TG,Yadadri Bhuvanagiri,0,0,0,0,4429,739,0,0,0,0,0,0,0,0,0,0,0,0,38752,28567,0,0,0,0,5/30/2021,0,0,726465,0,0,0,0,463854,223506,0
TN,Ariyalur,5,0,3,0,1127,3941,5,51,0,0,0,0,0,51,35,1,44,0,19203,29689,35,0,0,0,7/23/2020,0,0,752481,16854,261,16548,18285,475390,157166,91
TN,Chengalpattu,83,2,93,0,3145,3415,83,658,0,0,0,0,0,658,627,5,706,0,26704,39438,627,0,0,0,7/23/2020,0,0,2556244,171777,2506,168327,51771,1337641,604784,1368
TN,Coimbatore,120,1,126,0,770,2853,120,965,0,0,0,0,0,965,869,15,988,0,20971,79387,869,0,0,0,7/23/2020,0,0,3472578,246780,2416,243070,102107,2717202,1205484,1954
TN,Cuddalore,16,0,18,0,9299,22186,16,141,0,0,0,0,0,141,129,0,132,0,51773,101735,129,0,0,0,7/23/2020,0,0,2600880,64085,867,62997,36434,1529591,646400,286
TN,Dindigul,9,0,7,0,321,1040,9,64,0,0,0,0,0,64,58,1,51,0,19630,57260,58,0,0,0,7/23/2020,0,0,2161367,33099,645,32348,27800,1236504,493453,131
TN,Erode,68,2,94,0,244,899,68,549,0,0,0,0,0,549,477,4,573,0,16741,46724,477,0,0,0,7/23/2020,0,0,2259608,104303,686,102836,66240,1370925,552624,1094
TN,Kallakurichi,14,0,23,0,4089,7322,14,112,0,0,0,0,0,112,66,0,118,0,22603,52087,66,0,0,0,7/23/2020,0,0,1370281,31364,210,31056,28314,696213,299822,192
TN,Kancheepuram,30,0,37,0,679,1040,30,237,0,0,0,0,0,237,225,2,259,0,13961,24360,225,0,0,0,7/23/2020,0,0,1166401,74970,1258,73386,37505,663206,250181,492
TN,Kanyakumari,17,0,12,0,431,1276,17,132,0,0,0,0,0,132,120,0,102,0,17732,51185,120,0,0,0,7/23/2020,0,0,1863178,62362,1048,61112,79600,1100888,450620,269
TN,Karur,20,0,16,0,74,834,20,80,0,0,0,0,0,80,136,1,90,0,5882,32339,136,0,0,0,7/23/2020,0,0,1076588,24091,356,23523,17190,626136,289120,236
TN,Krishnagiri,16,0,19,0,404,1731,16,141,0,0,0,0,0,141,134,1,160,0,15883,37027,134,0,0,0,7/23/2020,0,0,1883731,43570,348,43036,14284,1040491,407695,291
TN,Madurai,13,0,17,0,1060,2012,13,132,0,0,0,0,0,132,99,3,122,0,26340,42498,99,0,0,0,7/23/2020,0,0,3991038,75215,1172,73853,97279,1500331,583138,244
TN,Nagapattinam,16,1,20,0,273,953,16,145,0,0,0,0,0,145,97,10,121,0,8662,23176,97,0,0,0,7/23/2020,0,0,1614069,21074,346,20561,20984,813495,289588,258
TN,Namakkal,43,0,51,0,168,442,43,376,0,0,0,0,0,376,315,2,397,0,12694,28265,315,0,0,0,7/23/2020,0,0,1721179,52245,498,51253,24758,987830,397079,734
TN,Nilgiris,20,2,25,0,71,1092,20,197,0,0,0,0,0,197,124,3,220,0,1613,31952,124,0,0,0,7/23/2020,0,0,735071,33566,212,33164,45839,501986,343811,341
TN,Perambalur,2,0,5,0,383,2161,2,24,0,0,0,0,0,24,26,0,27,0,4307,17440,26,0,0,0,7/23/2020,0,0,564511,12067,243,11790,7981,326872,136491,52
TN,Pudukkottai,12,0,8,0,554,2862,12,95,0,0,0,0,0,95,75,2,68,0,10691,34202,75,0,0,0,7/23/2020,0,0,1918725,30183,416,29627,20835,827320,314780,182
TN,Ramanathapuram,3,0,6,0,852,2329,3,59,0,0,0,0,0,59,25,0,55,0,9961,32447,25,0,0,0,7/23/2020,0,0,1337560,20564,357,20158,23389,660673,280037,87
TN,Ranipet,14,0,14,0,506,485,14,85,0,0,0,0,0,85,69,2,73,0,10793,13744,69,0,0,0,7/23/2020,0,0,1210277,43436,775,42557,20118,557267,174051,168
TN,Salem,62,1,67,0,396,2125,62,395,0,0,0,0,0,395,427,3,442,0,25814,66134,427,0,0,0,7/23/2020,0,0,3480008,99893,1685,97619,79660,1925084,791376,884
TN,Sivaganga,13,0,9,0,195,564,13,75,0,0,0,0,0,75,82,0,78,0,10170,31816,82,0,0,0,7/23/2020,0,0,1341250,20195,206,19854,25824,726010,287468,170
TN,Tenkasi,4,0,4,0,291,446,4,13,0,0,0,0,0,13,25,0,14,0,16935,21454,25,0,0,0,7/23/2020,0,0,1407627,27357,484,26834,26338,736882,233177,42
TN,Thanjavur,37,0,59,0,12155,2378,37,426,0,0,0,0,0,426,310,6,428,0,49025,31228,310,0,0,0,7/23/2020,0,0,2402781,75352,972,73874,67445,1224986,486660,773
TN,Theni,1,1,5,0,379,1536,1,30,0,0,0,0,0,30,15,1,23,0,11199,33309,15,0,0,0,7/23/2020,0,0,1243684,43571,521,43018,45839,660187,304832,46
TN,Thiruvallur,28,0,55,0,2328,4382,28,421,0,0,0,0,0,421,252,3,396,0,25332,47695,252,0,0,0,7/23/2020,0,0,3725697,119370,1842,117138,67948,1425728,563426,701
TN,Thiruvarur,23,2,22,0,291,624,23,242,0,0,0,0,0,242,170,5,253,0,13453,29614,170,0,0,0,7/23/2020,0,0,1268094,41461,442,40760,67445,630274,246969,435
TN,Thoothukkudi,11,1,9,0,11497,1612,11,105,0,0,0,0,0,105,85,1,90,0,46323,22453,85,0,0,0,7/23/2020,0,0,1738376,56304,409,55757,49288,984706,328797,201
TN,Tirunelveli,11,1,13,0,940,627,11,115,0,0,0,0,0,115,93,1,125,0,22582,19904,93,0,0,0,7/23/2020,0,0,1665253,49374,432,48812,54208,815687,275985,219
TN,Tirupathur,10,0,8,0,311,525,10,61,0,0,0,0,0,61,50,0,66,0,11111,24743,50,0,0,0,7/23/2020,0,0,1111812,29301,625,28600,23998,541496,205219,121
TN,Tiruppur,69,1,53,0,133,443,69,556,0,0,0,0,0,556,504,5,537,0,20414,50762,504,0,0,0,7/23/2020,0,0,2471222,95405,979,93683,36301,1671392,611015,1129
TN,Tiruvannamalai,18,0,28,0,4455,10228,18,142,0,0,0,0,0,142,120,0,158,0,31415,73235,120,0,0,0,7/23/2020,0,0,2468965,54968,667,54122,76170,1270049,533376,280
TN,Vellore,12,0,15,0,953,1825,12,119,0,0,0,0,0,119,117,1,139,0,18978,31716,117,0,0,0,7/23/2020,0,0,1614242,49864,1131,48564,47936,763735,336366,248
TN,Viluppuram,10,0,11,0,12953,11812,10,84,0,0,0,0,0,84,79,1,83,0,53748,67153,79,0,0,0,7/23/2020,0,0,2093003,45857,356,45382,52064,1085842,444502,173
TN,Virudhunagar,5,0,8,0,1007,3437,5,45,0,0,0,0,0,45,38,0,45,0,16628,50467,38,0,0,0,7/23/2020,0,0,1943309,46294,548,45687,28620,1072788,505098,88
TN,Tiruchirappalli,37,0,49,0,2445,892,37,331,0,0,0,0,0,331,302,5,334,0,32150,48874,302,0,0,0,7/8/2020,0,0,2713858,77534,1059,76038,92586,1468456,636356,670
TN,Dharmapuri,16,0,21,0,811,1674,16,177,0,0,0,0,0,177,110,1,161,0,13388,27153,110,0,0,0,12/22/2020,0,0,1502900,28425,274,27957,163803,770955,279901,303
TN,Chennai,118,4,143,0,4126,8535,118,1162,0,0,0,0,0,1162,880,12,1093,0,52515,124932,880,0,0,0,1/2/2021,0,0,7100000,554672,8546,544701,2667777,4532809,2671294,2160
TN,Mayiladuthurai,3,0,10,0,0,0,3,82,0,0,0,0,0,82,41,0,80,0,0,0,41,0,0,0,1/2/2021,0,0,901000,23280,316,22878,0,0,0,126
TN,Railway Quarantine,0,0,0,0,0,0,0,0,0,0,0,0,0,0,0,0,0,0,0,0,0,0,0,0,1/2/2021,0,0,0,428,0,428,0,0,0,0
TR,Dhalai,0,0,0,0,5,531,0,0,0,0,0,0,0,0,1,0,2,0,264,11234,1,0,0,0,2/2/2021,0,0,377988,7037,35,7000,61582,258334,164654,1
TR,Gomati,0,0,0,0,0,1,0,3,0,0,0,0,0,3,8,0,3,0,319,9611,8,0,0,0,2/2/2021,0,0,436868,8134,74,8043,47437,279099,161408,11
TR,Khowai,2,0,0,0,0,0,2,1,0,0,0,0,0,1,3,0,0,0,373,5866,3,0,0,0,2/2/2021,0,0,327391,4559,54,4500,24046,202148,111955,6
TR,North Tripura,2,0,0,0,0,0,2,8,0,0,0,0,0,8,4,0,8,0,352,4099,4,0,0,0,2/2/2021,0,0,415946,7250,34,7199,100931,283802,190594,14
TR,Sipahijala,0,0,0,0,0,9,0,2,0,0,0,0,0,2,8,0,4,0,451,10397,8,0,0,0,2/2/2021,0,0,484233,6360,75,6273,53067,330932,211903,10
TR,South Tripura,1,0,0,0,0,1,1,1,0,0,0,0,0,1,4,0,1,0,267,5639,4,0,0,0,2/2/2021,0,0,433737,10168,53,10104,83030,303987,209259,6
TR,Unokoti,1,0,0,0,0,5,1,1,0,0,0,0,0,1,4,0,3,0,762,10307,4,0,0,0,2/2/2021,0,0,277335,8609,68,8530,34930,173390,101178,6
TR,West Tripura,6,0,2,0,5,13,6,33,0,0,0,0,0,33,55,0,41,0,1366,17141,55,0,0,0,2/2/2021,0,0,917534,32351,420,31817,202939,676784,470030,94
UP,Lalitpur,0,0,0,0,4,8,0,0,0,0,0,0,0,0,1,0,0,0,8010,13539,1,0,0,0,7/8/2020,0,0,1218002,12742,128,12613,21781,627553,143519,1
UP,Jhansi,1,0,0,0,14,14,1,0,0,0,0,0,0,0,1,0,0,0,10719,25914,1,0,0,0,11/26/2020,0,0,2000755,36556,663,35892,312540,1132511,379818,2
UP,Bulandshahr,0,0,0,0,2,46,0,0,0,0,0,0,0,0,0,1,0,0,18195,42644,0,0,0,0,7/12/2020,0,0,3498507,20215,243,19972,269090,1647985,646236,0
UP,Lucknow,0,0,0,0,10826,11083,0,15,0,0,0,0,0,15,10,0,10,0,69404,107763,10,0,0,0,12/13/2020,0,0,4588455,238839,2651,236165,1237583,3106658,1488333,25
UP,Azamgarh,0,0,0,0,1764,3111,0,0,0,0,0,0,0,0,2,0,0,0,41754,63205,2,0,0,0,12/27/2020,0,0,4616509,17906,228,17675,12474,2165409,643824,2
UP,Hapur,0,0,0,0,127,307,0,0,0,0,0,0,0,0,0,0,2,0,15823,21964,0,0,0,0,3/1/2021,0,0,1338211,12638,217,12421,299725,658863,254519,0
UP,Auraiya,0,0,0,0,0,0,0,1,0,0,0,0,0,1,0,0,0,0,6878,16443,0,0,0,0,10/1/2021,0,0,1372287,10090,203,9887,107079,614711,180775,1
UP,Banda,0,0,0,0,486,432,0,0,0,0,0,0,0,0,1,0,0,0,38560,36938,1,0,0,0,10/1/2021,0,0,1799541,10992,158,10832,303185,795903,236840,1
UP,Chitrakoot,0,0,0,0,329,536,0,0,0,0,0,0,0,0,0,0,0,0,13007,16383,0,0,0,0,10/1/2021,0,0,990626,7110,79,7031,234060,447303,129157,0
UP,Etawah,0,0,0,0,873,984,0,0,0,0,0,0,0,0,0,0,0,0,52312,35349,0,0,0,0,10/1/2021,0,0,1579160,13933,293,13640,297761,708258,253661,0
UP,Farrukhabad,0,0,0,0,81,439,0,0,0,0,0,0,0,0,1,0,0,0,15703,28433,1,0,0,0,10/1/2021,0,0,1887577,10348,194,10153,231856,833824,229745,1
UP,Fatehpur,0,0,0,0,53,168,0,0,0,0,0,0,0,0,1,0,0,0,13675,42615,1,0,0,0,10/1/2021,0,0,2632684,6814,139,6674,82928,1246314,410120,1
UP,Hamirpur,0,0,0,0,3,0,0,0,0,0,0,0,0,0,0,0,0,0,11985,14350,0,0,0,0,10/1/2021,0,0,1104021,5232,102,5130,240382,561456,185949,0
UP,Jalaun,0,0,0,0,18,30,0,2,0,0,0,0,0,2,3,0,0,0,14119,21614,3,0,0,0,10/1/2021,0,0,1670718,11687,202,11482,221719,819651,251406,5
UP,Kannauj,0,0,0,0,82,431,0,2,0,0,0,0,0,2,0,0,0,0,24440,44639,0,0,0,0,10/1/2021,0,0,1658005,9231,114,9115,124019,755119,257048,2
UP,Kanpur Dehat,0,0,0,0,47,85,0,0,0,0,0,0,0,0,0,0,0,0,27985,38783,0,0,0,0,10/1/2021,0,0,1795092,6197,110,6087,344697,923661,290898,0
UP,Kanpur Nagar,0,0,0,0,38,96,0,0,0,0,0,0,0,0,3,0,1,0,64788,66517,3,0,0,0,10/1/2021,0,0,4572951,82933,1905,81024,685820,2251558,859280,3
UP,Mahoba,0,0,0,0,10,9,0,0,0,0,0,0,0,0,0,0,0,0,4765,8960,0,0,0,0,10/1/2021,0,0,876055,4268,86,4182,142992,444352,148388,0
UP,Unnao,0,0,0,0,201,948,0,0,0,0,0,0,0,0,0,0,0,0,26506,41790,0,0,0,0,10/1/2021,0,0,3110595,15011,254,14757,298886,1554190,420513,0
UP,Amroha,0,0,0,0,6,8,0,0,0,0,0,0,0,0,0,0,0,0,16080,23048,0,0,0,0,1/13/2021,0,0,1838771,16616,203,16412,254038,871164,265607,0
UP,Bareilly,0,0,0,0,6458,255,0,5,0,0,0,0,0,5,1,0,1,0,68245,64148,1,0,0,0,1/13/2021,0,0,4465344,44028,377,43650,465209,2221830,749751,6
UP,Moradabad,0,0,1,0,3951,2357,0,0,0,0,0,0,0,0,0,0,1,0,52013,39070,0,0,0,0,1/13/2021,0,0,4773138,39102,349,38752,400459,1390249,443211,0
UP,Pilibhit,0,0,0,0,2,1,0,1,0,0,0,0,0,1,0,0,0,0,9611,17989,0,0,0,0,1/13/2021,0,0,2037225,11032,193,10838,291538,978332,256931,1
UP,Sambhal,0,0,0,0,1708,411,0,0,0,0,0,0,0,0,0,0,0,0,27630,23914,0,0,0,0,1/13/2021,0,0,2217020,9438,106,9331,309333,893786,204352,0
UP,Shahjahanpur,0,0,0,0,3563,969,0,0,0,0,0,0,0,0,0,0,0,0,185421,79519,0,0,0,0,1/13/2021,0,0,3002376,20361,444,19916,437195,1743273,538827,0
UP,Kaushambi,0,0,0,0,94,35,0,0,0,0,0,0,0,0,1,0,0,0,38263,28403,1,0,0,0,1/14/2021,0,0,1596909,4424,70,4353,207064,760960,218775,1
UP,Pratapgarh,0,0,0,0,1796,1482,0,1,0,0,0,0,0,1,0,0,0,0,40603,47832,0,0,0,0,1/14/2021,0,0,3173752,16038,163,15875,100500,1480021,456869,1
UP,Prayagraj,0,0,1,0,17,48,0,2,0,0,0,0,0,2,1,0,6,0,75719,79660,1,0,0,0,1/14/2021,0,0,5959798,78699,1088,77609,729300,2731341,862244,3
UP,Rampur,0,0,0,0,3,1,0,0,0,0,0,0,0,0,2,0,0,0,23526,28753,2,0,0,0,1/16/2021,0,0,2335398,11826,148,11676,274288,989666,250420,2
UP,Jaunpur,0,0,0,0,209,3689,0,0,0,0,0,0,0,0,0,0,2,0,41689,67101,0,0,0,0,1/20/2021,0,0,4476072,22584,235,22349,322824,2189622,667013,0
UP,Budaun,0,0,0,0,581,417,0,0,0,0,0,0,0,0,0,0,0,0,53729,43678,0,0,0,0,1/23/2021,0,0,3712738,14941,98,14843,224207,1408673,364360,0
UP,Gautam Buddha Nagar,1,0,2,0,100,816,1,11,0,0,0,0,0,11,6,0,13,0,22023,43162,6,0,0,0,1/24/2021,0,0,1674714,63353,467,62876,675396,1799728,974353,18
UP,Ghaziabad,1,0,0,0,3698,4330,1,4,0,0,0,0,0,4,3,0,2,0,47837,71692,3,0,0,0,1/24/2021,0,0,4661452,55673,461,55207,712611,2247039,1071908,8
UP,Muzaffarnagar,0,0,0,0,979,707,0,1,0,0,0,0,0,1,1,0,0,0,15476,38924,1,0,0,0,1/25/2021,0,0,4138605,31009,269,30737,161704,1264005,467387,2
UP,Sitapur,0,0,0,0,81,197,0,0,0,0,0,0,0,0,0,0,0,0,33825,52112,0,0,0,0,1/28/2021,0,0,4474446,12398,185,12211,289473,2139996,497241,0
UP,Mathura,0,0,0,0,63,164,0,0,0,0,0,0,0,0,1,0,1,0,10807,23027,1,0,0,0,1/29/2021,0,0,2541894,20297,402,19893,198379,1207578,418117,1
UP,Barabanki,0,0,0,0,11,44,0,0,0,0,0,0,0,0,1,0,0,0,51121,59870,1,0,0,0,1/30/2021,0,0,3257983,19850,225,19624,147422,1589704,448292,1
UP,Bijnor,0,0,0,0,-1,1,0,0,0,0,0,0,0,0,0,0,0,0,27491,53680,0,0,0,0,1/30/2021,0,0,3683896,14794,126,14668,312985,1756682,600482,0
UP,Hardoi,0,0,0,0,221,594,0,0,0,0,0,0,0,0,0,0,0,0,29546,66612,0,0,0,0,1/30/2021,0,0,4091380,13755,349,13406,224784,1852490,537647,0
UP,Kushinagar,0,0,0,0,211,585,0,0,0,0,0,0,0,0,0,0,0,0,16785,46465,0,0,0,0,1/30/2021,0,0,3560830,15617,228,15389,314772,1632782,458054,0
UP,Lakhimpur Kheri,0,0,0,0,1183,1370,0,0,0,0,0,0,0,0,1,0,0,0,46453,51586,1,0,0,0,1/30/2021,0,0,4013634,24410,292,24117,368533,1829019,382178,1
UP,Rae Bareli,0,0,0,0,576,429,0,1,0,0,0,0,0,1,0,0,0,0,33906,46996,0,0,0,0,1/30/2021,0,0,3404004,17104,343,16761,387408,1436175,344694,1
UP,Saharanpur,0,0,0,0,6,17,0,1,0,0,0,0,0,1,0,0,0,0,19216,33326,0,0,0,0,1/30/2021,0,0,3464228,32730,420,32309,266387,1638111,576986,1
UP,Agra,0,0,0,0,178,265,0,3,0,0,0,0,0,3,0,0,2,0,23657,42953,0,0,0,0,1/31/2021,0,0,4380793,25765,457,25308,491361,2172907,746386,3
UP,Aligarh,0,0,0,0,9,25,0,2,0,0,0,0,0,2,0,0,0,0,34650,57576,0,0,0,0,1/31/2021,0,0,3673849,21280,108,21172,482825,1589498,498586,2
UP,Ambedkar Nagar,0,0,0,0,138,145,0,0,0,0,0,0,0,0,1,0,0,0,21528,32042,1,0,0,0,1/31/2021,0,0,2398709,5040,152,4885,123151,1135268,349925,1
UP,Amethi,0,0,0,0,165,11,0,7,0,0,0,0,0,7,0,0,2,0,19777,37617,0,0,0,0,1/31/2021,0,0,2549935,9972,143,9828,267014,1015454,375261,7
UP,Ayodhya,0,0,0,0,217,452,0,0,0,0,0,0,0,0,0,0,1,0,26036,37279,0,0,0,0,1/31/2021,0,0,2468371,16919,290,16629,376735,1270889,418182,0
UP,Baghpat,0,0,0,0,10,52,0,0,0,0,0,0,0,0,0,0,0,0,7829,24151,0,0,0,0,1/31/2021,0,0,1302156,9132,141,8991,327192,692255,337171,0
UP,Bahraich,0,0,0,0,648,1565,0,0,0,0,0,0,0,0,0,0,0,0,54069,106010,0,0,0,0,1/31/2021,0,0,2384239,11549,178,11371,308225,1752196,642554,0
UP,Ballia,0,0,0,0,86,170,0,0,0,0,0,0,0,0,0,0,0,0,29248,48334,0,0,0,0,1/31/2021,0,0,3223642,21610,234,21376,267420,1433455,388341,0
UP,Balrampur,1,0,0,0,747,630,1,1,0,0,0,0,0,1,2,0,0,0,21033,56322,2,0,0,0,1/31/2021,0,0,2149066,7494,138,7354,276237,995084,438892,4
UP,Basti,1,0,0,0,3555,4769,1,0,0,0,0,0,0,0,2,0,0,0,24797,39395,2,0,0,0,1/31/2021,0,0,2461056,11717,330,11385,296570,1189235,399451,3
UP,Bhadohi,0,0,0,0,6,7,0,1,0,0,0,0,0,1,0,0,1,0,15479,20211,0,0,0,0,1/31/2021,0,0,1554203,7720,163,7557,119023,793094,244431,1
UP,Chandauli,0,0,0,0,192,395,0,0,0,0,0,0,0,0,0,0,1,0,19998,31247,0,0,0,0,1/31/2021,0,0,1952713,16208,356,15852,211249,939599,238646,0
UP,Deoria,0,0,0,0,81,167,0,0,0,0,0,0,0,0,0,0,0,0,29495,67895,0,0,0,0,1/31/2021,0,0,3098637,20223,220,20003,304520,1597034,537293,0
UP,Etah,0,0,0,0,475,170,0,0,0,0,0,0,0,0,0,0,0,0,16622,25756,0,0,0,0,1/31/2021,0,0,1761152,9968,99,9868,263295,788675,213371,0
UP,Firozabad,0,0,0,0,5881,3105,0,0,0,0,0,0,0,0,0,0,0,0,66838,47728,0,0,0,0,1/31/2021,0,0,2496761,8720,135,8585,322656,1005224,328351,0
UP,Ghazipur,0,0,0,0,241,524,0,1,0,0,0,0,0,1,0,0,2,0,22615,43797,0,0,0,0,1/31/2021,0,0,3622727,21641,282,21359,265737,1690195,509886,1
UP,Gonda,0,0,0,0,40,1698,0,0,0,0,0,0,0,0,0,0,0,0,22042,51150,0,0,0,0,1/31/2021,0,0,3431386,12282,266,12016,241234,1604382,555773,0
UP,Gorakhpur,0,0,1,0,96,377,0,3,0,0,0,0,0,3,1,0,4,0,33169,69539,1,0,0,0,1/31/2021,0,0,4436275,59439,848,58588,480536,2347051,889085,4
UP,Hathras,0,0,0,0,0,1,0,0,0,0,0,0,0,0,0,0,0,0,16507,25542,0,0,0,0,1/31/2021,0,0,1565678,2920,43,2877,260525,701190,234481,0
UP,Kasganj,0,0,0,0,51,29,0,0,0,0,0,0,0,0,0,0,0,0,8148,13675,0,0,0,0,1/31/2021,0,0,1438156,4250,53,4197,271969,608818,147948,0
UP,Maharajganj,0,0,0,0,53,316,0,1,0,0,0,0,0,1,0,0,0,0,20643,36312,0,0,0,0,1/31/2021,0,0,2665292,12440,140,12300,334716,1283534,372559,1
UP,Mainpuri,0,0,0,0,647,1354,0,0,0,0,0,0,0,0,0,0,0,0,31507,37443,0,0,0,0,1/31/2021,0,0,1847194,10028,182,9846,228496,860461,219990,0
UP,Mau,0,0,0,0,787,453,0,0,0,0,0,0,0,0,1,0,1,0,25202,32390,1,0,0,0,1/31/2021,0,0,2205170,8333,80,8252,281445,1017497,307052,1
UP,Meerut,1,0,0,0,25,79,1,5,0,0,0,0,0,5,13,0,3,0,25100,57600,13,0,0,0,1/31/2021,0,0,3447405,69480,898,68567,798404,1764744,842448,19
UP,Mirzapur,0,0,1,0,787,419,0,0,0,0,0,0,0,0,0,0,1,0,24968,41785,0,0,0,0,1/31/2021,0,0,2494533,11088,116,10972,312764,1335308,462157,0
UP,Sant Kabir Nagar,0,0,0,0,82,202,0,0,0,0,0,0,0,0,0,0,0,0,44511,26920,0,0,0,0,1/31/2021,0,0,1714300,8159,98,8061,292606,799506,195105,0
UP,Shamli,0,0,0,0,24,14,0,0,0,0,0,0,0,0,0,0,0,0,12602,16389,0,0,0,0,1/31/2021,0,0,1274815,12976,45,12931,246597,604968,206438,0
UP,Shrawasti,0,0,0,0,37,120,0,0,0,0,0,0,0,0,0,0,0,0,7342,17808,0,0,0,0,1/31/2021,0,0,1114615,4388,35,4353,221566,515155,181654,0
UP,Siddharthnagar,0,0,0,0,250,2209,0,1,0,0,0,0,0,1,0,0,0,0,18746,53973,0,0,0,0,1/31/2021,0,0,2553526,9373,100,9273,295047,1225133,479630,1
UP,Sonbhadra,0,0,0,0,200,157,0,0,0,0,0,0,0,0,0,0,0,0,21438,24430,0,0,0,0,1/31/2021,0,0,1862612,16807,251,16556,306175,812891,236871,0
UP,Sultanpur,0,0,0,0,2,18,0,0,0,0,0,0,0,0,0,0,0,0,14962,31247,0,0,0,0,1/31/2021,0,0,3790922,14915,138,14777,309395,1178195,370998,0
UP,Varanasi,0,0,0,0,159,441,0,2,0,0,0,0,0,2,2,0,1,0,38187,55104,2,0,0,0,1/31/2021,0,0,3682194,85501,971,84528,595510,2109381,843905,4
UT,Almora,0,0,0,0,37,416,0,0,0,0,0,0,0,0,7,0,7,0,729,10440,7,0,0,0,1/30/2021,0,0,621927,12190,196,11378,84443,378242,215715,7
UT,Bageshwar,0,0,0,0,75,1286,0,0,0,0,0,0,0,0,1,0,0,0,371,6323,1,0,0,0,1/30/2021,0,0,259840,5764,60,5678,55626,183447,131244,1
UT,Chamoli,0,0,0,0,13,268,0,3,0,0,0,0,0,3,4,0,4,0,822,11652,4,0,0,0,1/30/2021,0,0,391114,12242,62,11972,90390,273850,191420,7
UT,Champawat,1,0,0,0,44,613,1,7,0,0,0,0,0,7,3,0,0,0,754,6007,3,0,0,0,1/30/2021,0,0,259315,7603,53,7358,95068,183354,119870,11
UT,Dehradun,3,0,4,0,308,3611,3,28,0,0,0,0,0,28,30,0,24,0,5963,49795,30,0,0,0,1/30/2021,0,0,1698560,112363,3521,108137,401496,1465464,793803,61
UT,Haridwar,1,0,0,0,224,1907,1,5,0,0,0,0,0,5,10,1,8,0,3960,52191,10,0,0,0,1/30/2021,0,0,1927029,51498,1019,49096,369542,1456257,635360,16
UT,Nainital,0,0,3,0,31,288,0,25,0,0,0,0,0,25,10,0,14,0,2285,16850,10,0,0,0,1/30/2021,0,0,955128,39232,944,38140,204422,722854,398680,35
UT,Pauri Garhwal,0,0,0,0,25,108,0,7,0,0,0,0,0,7,3,0,5,0,2116,14253,3,0,0,0,1/30/2021,0,0,686527,17686,315,16668,138878,431320,229262,10
UT,Pithoragarh,0,0,1,0,89,609,0,4,0,0,0,0,0,4,3,0,6,0,930,10608,3,0,0,0,1/30/2021,0,0,485993,10260,181,9962,72686,318644,183765,7
UT,Rudraprayag,0,0,1,0,30,326,0,7,0,0,0,0,0,7,0,0,3,0,416,6212,0,0,0,0,1/30/2021,0,0,236857,8800,106,8535,52378,170911,113480,7
UT,Tehri Garhwal,0,0,0,0,12,120,0,1,0,0,0,0,0,1,0,0,0,0,2235,15658,0,0,0,0,1/30/2021,0,0,616409,15835,108,14827,105111,381493,206527,1
UT,Udham Singh Nagar,0,0,0,0,167,3581,0,0,0,0,0,0,0,0,0,0,3,0,3588,48283,0,0,0,0,1/30/2021,0,0,1648367,37875,761,36315,337292,1277738,518326,0
UT,Uttarkashi,0,0,0,0,12,83,0,1,0,0,0,0,0,1,4,0,0,0,1063,9910,4,0,0,0,1/30/2021,0,0,329686,12548,74,12129,120026,234425,160687,5
WB,Alipurduar,4,0,5,0,579,1298,4,26,0,0,0,0,0,26,31,0,35,0,38488,29790,31,0,0,0,12/7/2020,0,0,1700000,15589,102,15441,0,949775,353666,61
WB,Bankura,30,0,21,0,38854,5692,30,83,0,0,0,0,0,83,161,1,133,0,220390,76120,161,0,0,0,12/13/2020,0,0,3596292,36313,274,35839,0,2245147,706177,274
WB,Birbhum,20,0,20,0,6911,2868,20,51,0,0,0,0,0,51,176,0,102,0,99629,84919,176,0,0,0,12/19/2020,0,0,3502387,41197,286,40727,0,2152966,846286,247
WB,Cooch Behar,10,0,13,0,3386,395,10,82,0,0,0,0,0,82,77,0,93,0,122592,26214,77,0,0,0,12/25/2020,0,0,2822780,29275,97,29060,0,1444232,421663,169
WB,Dakshin Dinajpur,14,0,16,0,724,998,14,80,0,0,0,0,0,80,111,1,108,0,53398,21657,111,0,0,0,12/31/2020,0,0,1670931,17889,170,17573,0,1063493,363056,205
WB,Darjeeling,23,0,31,0,945,1844,23,160,0,0,0,0,0,160,189,1,214,0,21148,69087,189,0,0,0,1/6/2021,0,0,1842034,57143,539,56326,0,1324555,664306,372
WB,Hooghly,58,0,74,0,41006,9034,58,358,0,0,0,0,0,358,472,2,497,0,274722,105570,472,0,0,0,1/12/2021,0,0,5520389,86300,990,84650,0,3368156,1343978,888
WB,Howrah,73,0,73,0,14299,4502,73,344,0,0,0,0,0,344,518,2,473,0,207351,95203,518,0,0,0,1/18/2021,0,0,4841638,98757,1524,96567,0,2905925,1254076,935
WB,Jalpaiguri,16,1,17,0,9642,3130,16,110,0,0,0,0,0,110,102,6,120,0,53967,63773,102,0,0,0,1/24/2021,0,0,3869675,41982,572,41256,0,1144138,410719,228
WB,Jhargram,3,0,5,0,477,700,3,37,0,0,0,0,0,37,25,0,39,0,39020,19553,25,0,0,0,1/30/2021,0,0,1136548,12135,27,12063,0,714456,211586,65
WB,Kalimpong,2,0,4,0,8,429,2,30,0,0,0,0,0,30,18,0,28,0,513,10626,18,0,0,0,2/5/2021,0,0,251642,7036,54,6950,0,180713,124420,50
WB,Kolkata,274,6,244,0,334,1626,274,1044,0,0,0,0,0,1044,1843,25,1553,0,36977,206020,1843,0,0,0,2/11/2021,0,0,4486679,322541,5152,315146,0,4784084,3039486,3161
WB,Malda,32,0,8,0,2191,1771,32,58,0,0,0,0,0,58,77,0,51,0,227391,55976,77,0,0,0,2/17/2021,0,0,3997970,33406,186,33121,0,2029144,590497,167
WB,Murshidabad,5,0,8,0,17667,1587,5,31,0,0,0,0,0,31,48,1,40,0,621102,86224,48,0,0,0,2/23/2021,0,0,7102430,33993,328,33605,0,3952659,976111,84
WB,Nadia,31,1,48,0,15875,1863,31,228,0,0,0,0,0,228,302,8,326,0,251739,89327,302,0,0,0,3/1/2021,0,0,5168488,73333,859,72054,0,2798942,884320,561
WB,North 24 Parganas,144,6,147,0,5231,7658,144,763,0,0,0,0,0,763,1066,27,961,0,235852,241201,1066,0,0,0,3/7/2021,0,0,10082852,329257,4833,323097,0,6547702,2720315,1973
WB,Paschim Bardhaman,32,0,25,0,286,786,32,74,0,0,0,0,0,74,213,1,149,0,94473,72103,213,0,0,0,3/19/2021,0,0,2882031,57778,356,57184,0,1789611,677747,319
WB,Paschim Medinipur,26,0,28,0,6512,1457,26,136,0,0,0,0,0,136,181,1,198,0,270458,66132,181,0,0,0,3/25/2021,0,0,5094238,53581,507,52820,0,2758576,877978,343
WB,Purba Bardhaman,16,0,25,0,17168,4002,16,132,0,0,0,0,0,132,147,2,176,0,260764,51741,147,0,0,0,3/31/2021,0,0,4835532,42005,198,41588,0,2596246,859528,295
WB,Purba Medinipur,16,0,17,0,5370,2226,16,65,0,0,0,0,0,65,94,1,120,0,71724,144185,94,0,0,0,4/6/2021,0,0,4417377,63098,397,62549,0,3560589,1471674,175
WB,Purulia,2,0,3,0,13266,1866,2,9,0,0,0,0,0,9,17,0,21,0,159111,40922,17,0,0,0,4/12/2021,0,0,2927965,19419,113,19283,0,1679941,492310,28
WB,South 24 Parganas,75,1,74,0,7086,3270,75,267,0,0,0,0,0,267,542,5,470,0,310444,169231,542,0,0,0,4/18/2021,0,0,8153176,100957,1336,98950,0,4850898,1832073,884
WB,Uttar Dinajpur,8,0,7,0,0,0,8,25,0,0,0,0,0,25,43,2,46,0,130243,44686,43,0,0,0,4/24/2021,0,0,3000849,19858,238,19559,0,1341457,436182,76
